subject_id,game_difficulty,world_number,blink_rate,blink_rate_street,blink_rate_river
AL09OL,easy,0,0.2378686964795433,0.3571428571428571,
AL09OL,easy,1,0.6757794501612655,0.6576063130206049,0.7864889477605762
AL09OL,easy,2,0.5621135469364812,0.2597402597402597,0.6666666666666666
AL09OL,easy,3,0.6410608641500448,0.43286295558826077,0.7142668183381392
AL09OL,easy,4,0.677387053071803,0.8522727272727273,0.6717608531362834
AL09OL,easy,5,0.709828650665258,0.14269406392694065,0.8329862557267805
AL09OL,easy,6,0.5306339034246296,0.17834849295523453,0.6349206349206349
AL09OL,easy,7,0.6062180652983459,0.2857142857142857,0.7617596648257474
AL09OL,easy,8,0.5405405405405405,0.33573946617424877,0.6802721088435374
AL09OL,easy,9,0.728583480328246,0.611870283499898,0.8605555746790127
AL09OL,easy,10,0.785770412172298,0.6377551020408163,0.8351281262362094
AL09OL,easy,11,0.7567320597389988,0.21929824561403508,0.8022334178352534
AL09OL,easy,12,0.7141632862937782,0.0,0.8333002658624657
AL09OL,easy,13,0.46892318185693577,0.5707762557077626,0.5257623554153522
AL09OL,easy,14,0.7602027207255267,0.0,0.8196361400992345
AL09OL,easy,15,0.37262451869333,0.5182689816014512,0.0
AL09OL,easy,16,0.3813155386081983,0.6341154090044389,
AL09OL,easy,17,0.29539188656951554,0.3727634194831014,0.40727667662231876
AL09OL,easy,18,0.6532745386248571,0.4084967320261438,0.7808433107756376
AL09OL,easy,19,0.5059373232939496,0.20370747606437156,0.6177367669201962
AL09OL,hard,0,0.6935737722410436,0.42857142857142855,0.7288403684520671
AL09OL,hard,1,0.6905427037885683,0.5042016806722689,0.6830601092896175
AL09OL,hard,2,0.7417343959599147,0.5711022272986864,0.8222438602185437
AL09OL,hard,3,0.6349430315002292,0.38095238095238093,0.692620703587198
AL09OL,hard,4,0.9281011630267699,0.9528346831824678,0.9390038733909777
AL09OL,hard,5,0.16826518593303044,0.3164556962025316,0.0
AL09OL,hard,6,0.6240762029889966,0.4515352197471403,0.5882352941176471
AL09OL,hard,7,0.3007066606525335,,
AL09OL,hard,8,0.720675944333996,0.3758550702848981,0.7881385153440716
AL09OL,hard,9,0.721040516930586,0.49265937530791204,0.7629555725101238
AL09OL,hard,10,0.7328154770628755,0.5357142857142857,
AL09OL,hard,11,0.7519927808693037,0.0,
AL09OL,hard,12,0.9023913370431644,0.0,
AL09OL,hard,13,0.44610992148465384,0.3571428571428571,
AL09OL,hard,14,0.3944384183019426,0.0,
AL09OL,hard,15,0.7807887871112719,0.4763606049779683,0.816171069456158
AL09OL,hard,16,0.38804811796662786,0.0,
AL09OL,hard,17,0.285591889190347,0.3170241995138962,
AL09OL,hard,18,0.8803756269341585,0.0,0.9633210949143917
AL09OL,hard,19,1.1264188545186726,1.1418783899514702,
AL09OL,normal,0,0.7202400800266755,0.5258018478179223,0.7397622192866579
AL09OL,normal,1,0.5868935988582251,0.19047619047619047,0.7006271467386661
AL09OL,normal,2,0.5155252409089107,0.0,0.7285974499089254
AL09OL,normal,3,0.7832657574640619,0.6794401413235494,0.7647413966592876
AL09OL,normal,4,0.7260523725778086,0.13605442176870747,0.8589469774352307
AL09OL,normal,5,0.7467841607079514,0.6352231221216452,0.8439366398338094
AL09OL,normal,6,0.6304549126228894,0.5209690023443605,0.6722043501224372
AL09OL,normal,7,0.33795201081446435,0.0,
AL09OL,normal,8,0.5416851332052987,0.66711140760507,0.40749796251018744
AL09OL,normal,9,0.5018336228527311,0.5711954304365565,0.43956043956043955
AL09OL,normal,10,,0.0,0.0
AL09OL,normal,11,0.660325165527457,0.6107491856677525,0.7537171961720303
AL09OL,normal,12,0.7141224862888482,0.4166418665555621,0.8066450107916022
AL09OL,normal,13,0.7527119769758689,0.6343165239454488,0.8118928301464207
AL09OL,normal,14,0.547012702850544,0.5098399102681758,0.5418452292990492
AL09OL,normal,15,0.15873015873015872,0.25933609958506226,
AL09OL,normal,16,0.6643635397289397,0.37993920972644374,0.8225673779455169
AL09OL,normal,17,0.7153075822603719,0.573394495412844,
AL09OL,normal,18,,0.0,0.0
AL09OL,normal,19,0.3571428571428571,0.0,
AN06AN,easy,0,0.11661807580174927,0.0,0.1641982200912942
AN06AN,easy,1,0.02304200557616535,0.0,0.032101698179833715
AN06AN,easy,2,0.12423286207667653,0.0,0.17852042273636104
AN06AN,easy,3,0.0710701746904894,0.0,0.09851828499369482
AN06AN,easy,4,0.08657009291856639,0.0,0.11585695527921526
AN06AN,easy,5,0.05950373881825575,0.0,0.05829034420448253
AN06AN,easy,6,0.1116270762636185,0.0,0.14429181576820962
AN06AN,easy,7,,0.0,0.0
AN06AN,easy,8,0.03809233582203261,0.08402655239055541,0.0
AN06AN,easy,9,0.03401939105290015,0.0,0.08403361344537814
AN06AN,easy,10,,0.0,0.0
AN06AN,easy,11,,0.0,0.0
AN06AN,easy,12,,0.0,
AN06AN,easy,13,0.10114035753116388,0.0,0.13768889194864203
AN06AN,easy,14,,0.0,0.0
AN06AN,easy,15,0.226295541977823,0.0,0.31734697925344124
AN06AN,easy,16,0.154475940372287,0.0,0.2539521300234906
AN06AN,easy,17,0.2801826791067776,0.0,0.40239829383123416
AN06AN,easy,18,0.04559270516717325,0.0,0.07585143232788046
AN06AN,easy,19,0.1383317194632729,0.0,0.2040816326530612
AN06AN,hard,0,,0.0,
AN06AN,hard,1,0.09275577404693441,0.0,0.11741223435481976
AN06AN,hard,2,,0.0,
AN06AN,hard,3,0.013337245592040331,0.0,0.023565453045834805
AN06AN,hard,4,0.05601927062909641,0.07722007722007722,0.05870611717740988
AN06AN,hard,5,,0.0,
AN06AN,hard,6,0.10997470581766194,0.0,
AN06AN,hard,7,,0.0,
AN06AN,hard,8,0.035933092581613035,0.0,0.05145621076463929
AN06AN,hard,9,,0.0,
AN06AN,hard,10,0.04001387147544482,0.0,0.05556996258289185
AN06AN,hard,11,0.10991426687183996,0.0,
AN06AN,hard,12,0.12902987963355514,0.0,0.0751823171190136
AN06AN,hard,13,0.14406108189872505,0.0,0.25210084033613445
AN06AN,hard,14,,0.0,
AN06AN,hard,15,0.07278152804818137,0.0,0.1312852829197847
AN06AN,hard,16,,0.0,
AN06AN,hard,17,0.050125313283208024,0.11428571428571428,
AN06AN,hard,18,0.044301694539816146,0.0,0.07517666516313337
AN06AN,hard,19,0.09337441807728734,0.06968155529231412,0.12055939559556342
AN06AN,normal,0,,0.0,0.0
AN06AN,normal,1,,0.0,
AN06AN,normal,2,0.0933719270631861,0.0,0.4614674665436086
AN06AN,normal,3,,0.0,0.0
AN06AN,normal,4,,0.0,0.0
AN06AN,normal,5,0.03860854793251226,0.13612850530901172,0.0
AN06AN,normal,6,,0.0,
AN06AN,normal,7,0.11337354314997052,0.0,0.15527468091053073
AN06AN,normal,8,0.07720368261566077,0.06493084864619181,0.08832101745812113
AN06AN,normal,9,0.0827848834802765,0.08928571428571427,0.11416393941700281
AN06AN,normal,10,0.03139372439449354,0.0,0.04720543806646525
AN06AN,normal,11,,0.0,
AN06AN,normal,12,,0.0,
AN06AN,normal,13,0.053346847868126594,0.0,0.07508634930169696
AN06AN,normal,14,0.0993591335883551,0.0,0.1679472645589285
AN06AN,normal,15,0.08163931749530573,0.0,0.0958791156110376
AN06AN,normal,16,0.1811120278510052,0.14650941322980002,0.224711887258836
AN06AN,normal,17,0.06350281529147792,0.26024723487312945,0.03139520281301017
AN06AN,normal,18,0.027462342263171628,0.0,0.03547734771348494
AN06AN,normal,19,0.2077922077922078,0.0,0.2787456445993031
BE09KE,easy,0,0.10321337645358838,0.12966804979253113,0.10565240359218173
BE09KE,easy,1,0.22547914317925594,0.3721622627465575,
BE09KE,easy,2,0.3108292925525301,0.38095238095238093,
BE09KE,easy,3,0.15636772001648966,0.1679637198365153,0.17186929340236748
BE09KE,easy,4,0.11357736240913811,0.24795437639474335,0.08100281484781596
BE09KE,easy,5,,0.0,0.0
BE09KE,easy,6,0.4080443019527834,0.2486943546381497,0.8163265306122448
BE09KE,easy,7,0.19057601600838533,0.1789228842368939,0.2197641198447
BE09KE,easy,8,0.21639401021379726,0.0,0.308951880744574
BE09KE,easy,9,0.056050669805504175,0.0,0.13603591348115904
BE09KE,easy,10,0.17987633501967396,0.11425959780621571,0.22253542022105186
BE09KE,easy,11,0.1252661906551422,0.12992074834351044,0.1586420242722297
BE09KE,easy,12,0.05656748500961647,0.10593220338983052,0.054893780534665426
BE09KE,easy,13,0.1544938395581476,0.0,0.11203854125819282
BE09KE,easy,14,0.05240952805219989,0.0,0.102014792144861
BE09KE,easy,15,0.16227970530005517,0.11899095668729176,0.17604945033449396
BE09KE,easy,16,0.33950093362756745,0.0,0.511727078891258
BE09KE,easy,17,,0.0,0.0
BE09KE,easy,18,0.05545542769998614,0.0,0.07516536380036079
BE09KE,easy,19,0.2198672002110725,0.0,0.28569796011656473
BE09KE,hard,0,0.1335363085222872,0.0,0.19569471624266144
BE09KE,hard,1,0.039668372406680155,0.0,0.0771962328238382
BE09KE,hard,2,0.054953106682297775,0.0,0.04761791385919383
BE09KE,hard,3,,0.0,
BE09KE,hard,4,0.20406497428781326,0.35707909301910373,0.17857142857142855
BE09KE,hard,5,,0.0,
BE09KE,hard,6,0.43960874821408946,0.6341154090044389,
BE09KE,hard,7,0.19700551615445233,0.2595829367482911,0.2042483660130719
BE09KE,hard,8,0.14661681694890405,0.0,
BE09KE,hard,9,0.2534414683598335,0.35061357375406965,0.1866915588745166
BE09KE,hard,10,0.1328462304882099,0.15862944162436549,0.1529831718510964
BE09KE,hard,11,0.07144643303683063,0.08657259111765216,0.08657259111765216
BE09KE,hard,12,0.07371097925035934,0.0,0.1109446940700061
BE09KE,hard,13,0.14055143011080137,0.19704433497536944,0.13768889194864203
BE09KE,hard,14,0.1867164577220592,0.19685039370078738,0.19794140934283452
BE09KE,hard,15,,0.0,
BE09KE,hard,16,,0.0,
BE09KE,hard,17,,0.0,
BE09KE,hard,18,0.0904093736438594,0.07142857142857142,0.09017945711966813
BE09KE,hard,19,0.11988970147464333,0.0,0.11904478464798458
BE09KE,normal,0,0.2676659528907923,0.3170912165733009,
BE09KE,normal,1,0.06668355983515825,0.0,0.10260830306388394
BE09KE,normal,2,0.08525512596444862,0.0,0.13934369121438028
BE09KE,normal,3,0.1522881291403335,0.0,0.18169076232252707
BE09KE,normal,4,0.037104374605766016,0.0,0.06966699177929496
BE09KE,normal,5,0.14872542312382878,0.09224241306152568,0.2195630694917115
BE09KE,normal,6,0.02011708141382848,0.0,0.03805609468356357
BE09KE,normal,7,0.09314456035767511,0.0,0.08398421096833796
BE09KE,normal,8,0.12692771466649744,0.1543328960567945,
BE09KE,normal,9,0.15867978419549347,0.12980269989615784,0.22544525437739535
BE09KE,normal,10,0.190500381000762,0.2286236854138089,
BE09KE,normal,11,0.05828411563568542,0.0,0.08399361648514714
BE09KE,normal,12,0.11428571428571428,0.0,0.17491691446562882
BE09KE,normal,13,,,
BE09KE,normal,14,0.2000853697577633,0.46360686138154844,0.14930077470513098
BE09KE,normal,15,0.11073461342546453,0.1192321449862883,0.13135857607303536
BE09KE,normal,16,0.1339405304045004,0.11125945705384958,
BE09KE,normal,17,0.10455511797302477,0.0,0.2597402597402597
BE09KE,normal,18,0.07231180851833104,0.13605442176870747,0.08653513326410522
BE09KE,normal,19,,0.0,
ED06RA,easy,0,0.054945054945054944,0.0,0.08280887711162636
ED06RA,easy,1,0.08404950515853837,0.0,0.10882576994232235
ED06RA,easy,2,0.19060931444183238,0.0,0.2810304449648712
ED06RA,easy,3,,0.0,
ED06RA,easy,4,,0.0,0.0
ED06RA,easy,5,0.16045698148326432,0.0,0.20837674515524066
ED06RA,easy,6,0.1814264655856673,0.1020512297173181,0.2351597406524003
ED06RA,easy,7,,0.0,0.0
ED06RA,easy,8,,0.0,0.0
ED06RA,easy,9,0.02528381077596015,0.0,0.03400782179901377
ED06RA,easy,10,0.2857142857142857,0.0,0.3639519583414989
ED06RA,easy,11,0.03970459779242436,0.0,0.06348803250587265
ED06RA,easy,12,0.09992006394884093,0.0,0.14285306134110454
ED06RA,easy,13,0.18281117890358994,0.1502178158329578,0.20396864710510212
ED06RA,easy,14,0.07010164738871363,0.0,0.09847123409074124
ED06RA,easy,15,0.15784323010386084,0.09857072449482504,0.17603911980440098
ED06RA,easy,16,,0.0,
ED06RA,easy,17,0.0589066918001885,0.0,0.08919810900008919
ED06RA,easy,18,0.04682159411920777,0.0,0.05711022272986865
ED06RA,easy,19,0.0912075884713608,0.0,0.09851731441800896
ED06RA,hard,0,0.1587889694595882,0.0,0.22856272142013637
ED06RA,hard,1,0.07736345350456444,0.0,
ED06RA,hard,2,,0.0,0.0
ED06RA,hard,3,0.10028832894571894,0.0,0.2004912034484487
ED06RA,hard,4,0.027745408134953665,0.0,0.04201504138481576
ED06RA,hard,5,0.09336445481827274,0.0,0.11478232352217758
ED06RA,hard,6,,0.0,
ED06RA,hard,7,0.087248614928238,0.0,0.14650941322980002
ED06RA,hard,8,,0.0,
ED06RA,hard,9,0.2201188641866608,0.3571428571428571,
ED06RA,hard,10,0.23804422861767716,0.0,0.3398701695952146
ED06RA,hard,11,0.10584250635055038,0.0,0.18613885958925358
ED06RA,hard,12,0.10783415107564566,0.13283740701381508,
ED06RA,hard,13,0.019672647151400692,0.0,0.034718605700795054
ED06RA,hard,14,,0.0,0.0
ED06RA,hard,15,0.16004908171839363,0.0,0.2139952921035737
ED06RA,hard,16,0.01333760136577038,0.0,0.0177210703526493
ED06RA,hard,17,0.25840186049339553,0.0,0.3153871841490112
ED06RA,hard,18,,0.0,
ED06RA,hard,19,0.07775142868250204,0.0,0.14100891881411498
ED06RA,normal,0,0.05335040546308152,0.15019525382997898,0.04602850698866164
ED06RA,normal,1,0.14558689717925385,0.0,0.20407642662176986
ED06RA,normal,2,0.08744316194473592,0.0,0.11126152020323771
ED06RA,normal,3,0.11444266422522317,0.17857142857142855,
ED06RA,normal,4,,0.0,0.0
ED06RA,normal,5,,0.0,
ED06RA,normal,6,0.10670650376140424,0.0,0.1261193088661874
ED06RA,normal,7,0.0772021925422682,0.0,0.09680073568559121
ED06RA,normal,8,0.05335254024782255,0.0,0.0290883704694863
ED06RA,normal,9,0.10821105484136259,0.0,0.14875639652505057
ED06RA,normal,10,0.1623007757977083,0.0,0.22851397362948742
ED06RA,normal,11,0.11092931029701324,0.0,0.15437458994249545
ED06RA,normal,12,0.06859337845253338,0.07518796992481203,0.07325738983920002
ED06RA,normal,13,0.08280373444842362,0.10210332856851133,0.06013048314843209
ED06RA,normal,14,0.02667591431696321,0.0,0.03170275496940684
ED06RA,normal,15,,0.0,
ED06RA,normal,16,0.1507386192342478,0.19076688286913393,
ED06RA,normal,17,,0.0,
ED06RA,normal,18,,0.0,0.0
ED06RA,normal,19,0.12002880691365928,0.0,0.14924878113495407
GE01IN,easy,0,0.06646505599680967,0.0,0.07326007326007326
GE01IN,easy,1,,0.0,0.0
GE01IN,easy,2,,0.0,0.0
GE01IN,easy,3,0.030400680975253846,0.0,0.05951672419950006
GE01IN,easy,4,0.1979693995870924,0.09227646027498386,0.2635277582572031
GE01IN,easy,5,,0.0,0.0
GE01IN,easy,6,0.03139421718519449,0.0,0.03859662665483037
GE01IN,easy,7,0.1253195648904707,0.10989010989010989,0.16482610845557935
GE01IN,easy,8,0.08102578645653978,0.0,0.13287270794578793
GE01IN,easy,9,0.09966777408637874,0.0,0.13602974517094404
GE01IN,easy,10,0.13711151736745888,0.0,0.16162922256343948
GE01IN,easy,11,,0.0,0.0
GE01IN,easy,12,0.12422103062048405,0.0,0.16326086364996872
GE01IN,easy,13,0.08159268929503917,0.1057194206575748,0.0
GE01IN,easy,14,0.07582459244281563,0.0,0.09847689075630252
GE01IN,easy,15,,0.0,
GE01IN,easy,16,0.196122380365348,0.0,0.2777777777777778
GE01IN,easy,17,,0.0,
GE01IN,easy,18,,0.0,0.0
GE01IN,easy,19,0.06077180188392585,0.0,0.09676326866321544
GE01IN,hard,0,0.035288305455572024,0.0,0.07722007722007722
GE01IN,hard,1,0.02361553902467824,0.0,0.03527212444005503
GE01IN,hard,2,0.2225725679310025,0.0,0.3069838833461243
GE01IN,hard,3,0.1507386192342478,0.0,
GE01IN,hard,4,,0.0,
GE01IN,hard,5,0.06395906619763352,0.0,0.0680133306128001
GE01IN,hard,6,0.18634119072020872,0.0,0.2100752069240788
GE01IN,hard,7,0.06303845345660852,0.0,0.09966446297465201
GE01IN,hard,8,0.06144015728680265,0.0,0.07936507936507936
GE01IN,hard,9,,0.0,
GE01IN,hard,10,,0.0,
GE01IN,hard,11,,0.0,
GE01IN,hard,12,0.11707956727391934,0.0,0.16806157776209202
GE01IN,hard,13,,0.0,
GE01IN,hard,14,0.046441425751770585,0.0,0.06965243435258062
GE01IN,hard,15,,0.0,
GE01IN,hard,16,,0.0,
GE01IN,hard,17,,0.0,
GE01IN,hard,18,,0.0,
GE01IN,hard,19,,0.0,0.0
GE01IN,normal,0,0.08654761561318984,0.0,0.17114495978093444
GE01IN,normal,1,,0.0,
GE01IN,normal,2,0.12980831638613646,0.0,0.20641965115078956
GE01IN,normal,3,0.08046023253007202,0.0,0.14646649578908824
GE01IN,normal,4,0.0732627568775413,0.1358695652173913,0.06971556051310653
GE01IN,normal,5,0.08746865706455187,0.10584250635055038,0.10989010989010989
GE01IN,normal,6,0.038614511333359074,0.0,0.05953798523457966
GE01IN,normal,7,0.04534530449371967,0.0,0.0664054718108772
GE01IN,normal,8,0.0751804330392943,0.0,0.08528420962858727
GE01IN,normal,9,0.0865650969529086,0.0,0.14527141542782432
GE01IN,normal,10,0.0627835067727708,0.0,0.0772021925422682
GE01IN,normal,11,0.02856163601051068,0.0,0.046078702423739744
GE01IN,normal,12,0.08001813744448741,0.0,0.1097293343087052
GE01IN,normal,13,0.12126601721977445,0.0,0.1367386317020921
GE01IN,normal,14,0.16931575271434315,0.1142791840466259,0.2380857902464188
GE01IN,normal,15,0.11340440009072351,0.0,0.16050849089916858
GE01IN,normal,16,,0.0,
GE01IN,normal,17,0.14671557185728573,0.10195758564437195,0.17234775947912678
GE01IN,normal,18,0.031733942625031736,0.0,0.09527439024390244
GE01IN,normal,19,,0.0,
JA06LU,easy,0,0.1360248109255128,0.0,0.17008538286219682
JA06LU,easy,1,0.0797804442175134,0.0,0.09917879953981036
JA06LU,easy,2,0.12316180998595955,0.0,0.15443419173004905
JA06LU,easy,3,0.01421464108031272,0.0,0.023228264151819934
JA06LU,easy,4,0.12332990750256938,0.0,0.12869681604077116
JA06LU,easy,5,,0.0,
JA06LU,easy,6,,0.0,
JA06LU,easy,7,0.08483443146791844,0.0,0.10707784559374665
JA06LU,easy,8,0.10871084468326318,0.11448196908986835,0.11428136071006818
JA06LU,easy,9,0.1817473711540958,0.0,0.27015553239936707
JA06LU,easy,10,0.1543865066193215,0.0,0.27860973741032247
JA06LU,easy,11,,0.0,0.0
JA06LU,easy,12,,0.0,
JA06LU,easy,13,0.07422251911229867,0.0,0.13605442176870747
JA06LU,easy,14,,0.0,
JA06LU,easy,15,0.11906179307060363,0.18996960486322187,0.23809523809523808
JA06LU,easy,16,0.224121025353691,0.0,0.2930295593568001
JA06LU,easy,17,0.16560746889684724,0.0,0.20779760513260084
JA06LU,easy,18,0.14670187511669466,0.0,0.14628705176733045
JA06LU,easy,19,0.14814501280396183,0.0,0.19801420044694634
JA06LU,hard,0,,0.0,
JA06LU,hard,1,0.09337068160597572,0.12068549360366884,0.10371292263015973
JA06LU,hard,2,0.07525020693806908,0.0,
JA06LU,hard,3,0.09690861517588913,0.12157315664701233,
JA06LU,hard,4,0.18845222736036413,0.0,0.31036623215394166
JA06LU,hard,5,,0.0,
JA06LU,hard,6,0.08002560819462227,0.041407867494824016,0.11597161014983531
JA06LU,hard,7,0.1785324631528833,0.07328691828508611,0.2666565083234924
JA06LU,hard,8,0.11202180691174549,0.11421392267717435,0.1410636196924813
JA06LU,hard,9,0.1285493915328801,0.0,0.18230432668935342
JA06LU,hard,10,0.15995612631963804,0.11914690813773382,0.19692146115724177
JA06LU,hard,11,0.10456605088881142,0.0,0.17856079995238378
JA06LU,hard,12,,0.0,
JA06LU,hard,13,0.11207935218134439,0.0,0.21978021978021978
JA06LU,hard,14,0.10522360015031942,0.0,0.13979589798893616
JA06LU,hard,15,,0.0,
JA06LU,hard,16,,0.0,
JA06LU,hard,17,0.18674136321195145,0.0,0.21834061135371177
JA06LU,hard,18,,0.0,
JA06LU,hard,19,0.12003360941063498,0.0,0.1311797983110601
JA06LU,normal,0,,0.0,
JA06LU,normal,1,0.06350415952244873,0.09852216748768472,
JA06LU,normal,2,0.10204289883467009,0.0,0.1373588637674789
JA06LU,normal,3,0.1599670924838319,0.0,0.20406973354323363
JA06LU,normal,4,0.06346654255431679,0.07142857142857142,0.07320912185658333
JA06LU,normal,5,,0.0,
JA06LU,normal,6,,0.0,0.0
JA06LU,normal,7,0.08839388314328649,0.0772141147401745,0.12422360248447203
JA06LU,normal,8,,0.0,
JA06LU,normal,9,0.1692727618967013,0.0,0.20044599233294078
JA06LU,normal,10,0.10580890911014708,0.07509762691498949,0.10886131069018071
JA06LU,normal,11,0.0732171621027969,0.0,0.11649580615097857
JA06LU,normal,12,,0.0,
JA06LU,normal,13,,0.0,
JA06LU,normal,14,0.10659844366272252,0.0,0.1535579374097847
JA06LU,normal,15,0.09904095343424506,0.0,0.12064666613045927
JA06LU,normal,16,0.15040609646044317,0.0,0.1905306277984186
JA06LU,normal,17,0.16423057973394645,0.0,0.2747101807592989
JA06LU,normal,18,0.05390544984097892,0.06966699177929496,0.0
JA06LU,normal,19,,0.0,0.0
JO03SA,easy,0,,0.0,0.0
JO03SA,easy,1,0.0282845424975251,0.0,0.0
JO03SA,easy,2,0.08402655239055541,0.0,0.12990387113535984
JO03SA,easy,3,0.04265483705852244,0.0,0.06210794360598721
JO03SA,easy,4,0.05994964230046761,0.0,0.084863228762977
JO03SA,easy,5,0.059504919073310056,0.0,0.06967184560719014
JO03SA,easy,6,,0.0,
JO03SA,easy,7,0.23422494964163582,0.0,0.31746031746031744
JO03SA,easy,8,0.1013048058999919,0.0,0.11705763918153299
JO03SA,easy,9,0.03442222298716051,0.0,0.0
JO03SA,easy,10,0.19049070405364218,0.0,0.29767220336964934
JO03SA,easy,11,0.07142091918722994,0.0,0.11197581322434354
JO03SA,easy,12,0.041423304751253054,0.0,0.08658008658008658
JO03SA,easy,13,0.12427763623935872,0.0,0.20429009193054135
JO03SA,easy,14,0.038105399535114125,0.0,0.05834646128712294
JO03SA,easy,15,0.16971685571238648,0.0,0.24488796375658134
JO03SA,easy,16,0.03811266102599284,0.0,0.06348803250587265
JO03SA,easy,17,0.044644850216527525,0.0,0.09841551028442083
JO03SA,easy,18,0.20701362149629443,0.0,0.28020623178659493
JO03SA,easy,19,,0.0,0.0
JO03SA,hard,0,0.1519733742648288,0.0,0.17530942112829143
JO03SA,hard,1,0.10101265183464228,0.0,0.13266998341625205
JO03SA,hard,2,0.04925865720900448,0.0,0.2040816326530612
JO03SA,hard,3,0.14085357265026058,0.0,0.2484369177259741
JO03SA,hard,4,0.06492382271468145,0.0,0.0839912649084495
JO03SA,hard,5,0.09413241292751803,0.0,0.16786034019695614
JO03SA,hard,6,0.12029532502293129,0.0,0.17056841925717453
JO03SA,hard,7,,0.0,0.0
JO03SA,hard,8,0.03247807729782397,0.0,0.07722007722007722
JO03SA,hard,9,0.16380612634912547,0.07326007326007326,0.23322935191393834
JO03SA,hard,10,0.06668533856146387,0.0,0.09771541362934588
JO03SA,hard,11,,0.0,
JO03SA,hard,12,0.0666924544157074,0.07509198768491401,0.09431293030274451
JO03SA,hard,13,0.11315417256011315,0.0,0.15443419173004905
JO03SA,hard,14,,0.0,
JO03SA,hard,15,0.20248380129589633,0.0,0.31357792411414237
JO03SA,hard,16,0.1373437714599643,0.11904053330158917,0.18425537795384403
JO03SA,hard,17,0.06854949273375377,0.0,0.10449684767842837
JO03SA,hard,18,,,
JO03SA,hard,19,0.05953266855186784,0.0,0.11204481792717086
JO03SA,normal,0,0.2284722063560968,0.0,0.3103854987894965
JO03SA,normal,1,0.07519079664649046,0.0,0.11661807580174925
JO03SA,normal,2,0.07935563226600008,0.0,0.10581450716893286
JO03SA,normal,3,0.17310521912235652,0.0,0.2077922077922078
JO03SA,normal,4,0.0576992426974396,0.0453617600362894,0.0823587547356284
JO03SA,normal,5,,0.0,0.0
JO03SA,normal,6,0.16006189059769776,0.0,0.21265661273458683
JO03SA,normal,7,0.17340500740305992,0.0,0.22986744310780782
JO03SA,normal,8,0.21515050755960646,0.0,0.3205595220748944
JO03SA,normal,9,0.12158424268214839,0.0,0.1970346288360179
JO03SA,normal,10,,0.0,
JO03SA,normal,11,0.13729097449133693,0.0,0.18534307002261186
JO03SA,normal,12,0.05529546208574483,0.0,0.07790184367696702
JO03SA,normal,13,,0.0,
JO03SA,normal,14,,0.0,0.0
JO03SA,normal,15,0.17057933004968123,0.17806267806267806,0.20407568292469605
JO03SA,normal,16,,0.0,
JO03SA,normal,17,0.03616244168806278,0.0,0.06345580303318739
JO03SA,normal,18,0.05390254420008624,0.0,0.0723091941140316
JO03SA,normal,19,0.20588840848260243,0.0,0.2820078962210942
KR07HA,easy,0,0.2955301071296638,0.23778385447628106,0.31720297465900676
KR07HA,easy,1,0.15062509414068384,,
KR07HA,easy,2,0.24643895707033367,0.15875535799333226,0.2447780678851175
KR07HA,easy,3,0.7999238167793543,0.0,0.9137844382510165
KR07HA,easy,4,0.4123832808035583,0.2597402597402597,0.5273102781561717
KR07HA,easy,5,0.17346053772766695,0.10991426687183996,
KR07HA,easy,6,0.3013863773357444,0.3561253561253561,
KR07HA,easy,7,0.3131728322568017,0.3176115610608226,0.29289009299260454
KR07HA,easy,8,0.4905921736119127,0.6590992310508971,0.35696073431922487
KR07HA,easy,9,0.272247745448358,0.38109756097560976,0.24837007140639553
KR07HA,easy,10,0.4896759977148453,0.25933609958506226,0.549996826941383
KR07HA,easy,11,0.21996150673632117,0.285143997718848,0.2486634340420241
KR07HA,easy,12,0.216459586995108,0.3566757817144216,0.15019525382997898
KR07HA,easy,13,0.5596630239476863,0.4503828254015913,0.6692544505420961
KR07HA,easy,14,0.2797202797202797,0.2205071664829107,0.3173208357742628
KR07HA,easy,15,0.4001600640256103,0.2853881278538813,0.4215578182761528
KR07HA,easy,16,0.3252561392096276,0.31725888324873097,0.3529940311918362
KR07HA,easy,17,0.5655435170853672,0.5194805194805194,0.6629946960424317
KR07HA,easy,18,0.2232142857142857,0.17838030681412773,0.21941854086670323
KR07HA,easy,19,0.35447683389632595,0.3359086328518643,0.3881126635617653
KR07HA,hard,0,0.3297156202775106,0.20370747606437156,0.4023659115599726
KR07HA,hard,1,,0.0,
KR07HA,hard,2,0.41868827426544836,0.16820857863751051,0.4694468351459197
KR07HA,hard,3,0.3009781790820166,0.33585222502099077,0.0
KR07HA,hard,4,0.4448681283762313,0.40733197556008144,
KR07HA,hard,5,0.2822998023901383,0.30538080986990773,
KR07HA,hard,6,0.3873529269355542,0.31695721077654515,0.43942247332077844
KR07HA,hard,7,0.17871503887052095,0.23809523809523808,
KR07HA,hard,8,0.35739814152966404,0.30568575504381496,
KR07HA,hard,9,0.28020623178659493,,
KR07HA,hard,10,0.2598414966870209,0.29291154071470415,
KR07HA,hard,11,0.3436819796082025,0.0,
KR07HA,hard,12,0.4600372872327546,0.41999160016799664,0.4178272980501393
KR07HA,hard,13,0.6414368184733803,0.21937040693210483,0.5713352921971923
KR07HA,hard,14,,0.0,
KR07HA,hard,15,0.35707329740959554,0.37239324726911616,0.22527596305474207
KR07HA,hard,16,0.2956393200295639,0.0,
KR07HA,hard,17,,0.0,
KR07HA,hard,18,0.18448482612305137,0.15855398763278897,
KR07HA,hard,19,0.34773105486699285,0.29521747687463096,0.375629178874615
KR07HA,normal,0,0.3571109722346219,0.21920210434020165,0.475827940616673
KR07HA,normal,1,0.29913698978447184,0.23798191337458352,0.3151281192759931
KR07HA,normal,2,0.38682139522475656,0.2519103199261063,0.4131093362709997
KR07HA,normal,3,0.40206299911268856,0.25960539979231567,0.4302168684123042
KR07HA,normal,4,0.48896077030127505,0.3570153516601214,0.4969870162142014
KR07HA,normal,5,0.35357553257314595,0.49677098857426727,0.3297971747375364
KR07HA,normal,6,0.4935044148638194,0.24853982850751832,0.5668415952019602
KR07HA,normal,7,0.41162227602905566,0.4627844195912071,0.43568766035726386
KR07HA,normal,8,0.3746195270428471,0.35289211125725833,
KR07HA,normal,9,0.2801083085459711,0.22878059940517043,0.318997222847707
KR07HA,normal,10,0.34445727716653496,0.3721161002232697,0.38497321228064546
KR07HA,normal,11,0.28056214451501005,0.15873015873015872,0.3232410300614158
KR07HA,normal,12,0.5216484089723527,0.7127583749109052,
KR07HA,normal,13,0.40816326530612246,0.43556114794560324,0.4246284501061571
KR07HA,normal,14,0.2678810608090008,0.30404378230465184,
KR07HA,normal,15,0.3913894324853229,0.23752969121140144,0.44795341284506407
KR07HA,normal,16,0.44226712934612505,0.30627871362940273,0.5356664583519328
KR07HA,normal,17,0.34309240622140896,0.39424403705893946,
KR07HA,normal,18,0.3616374945754376,0.3715630418627694,0.4311041655439995
KR07HA,normal,19,0.4463010568409026,0.528597103287874,0.45084307655315436
MA03CL,easy,0,0.18864365214110546,0.0,0.24488796375658134
MA03CL,easy,1,0.11422044545973728,0.0,
MA03CL,easy,2,0.15872511983746548,0.0,0.21644084671659236
MA03CL,easy,3,0.24115606507503662,0.19098548510313218,0.27638306693076603
MA03CL,easy,4,0.2730060061321349,0.16801075268817203,0.32948024491364875
MA03CL,easy,5,0.12153867968480968,0.0,0.20897913691616452
MA03CL,easy,6,0.10991426687183996,0.15051173991571343,
MA03CL,easy,7,0.11130486402255779,0.0,0.13289036544850497
MA03CL,easy,8,0.18365472910927455,0.10216591744993869,0.2261931689662972
MA03CL,easy,9,0.2316557595413216,0.0,0.32041868040906785
MA03CL,easy,10,0.1799613083187115,0.0,0.24056532852202675
MA03CL,easy,11,0.11900983814662011,0.0,0.18619662363455808
MA03CL,easy,12,0.2213146087761302,0.13605442176870747,0.26239832065074786
MA03CL,easy,13,0.20827754470528725,0.0,0.2563726926457662
MA03CL,easy,14,0.07933989209774674,0.0,0.16314544416347174
MA03CL,easy,15,0.15034202811395925,0.15870496746548166,
MA03CL,easy,16,0.3406123453052265,0.0,0.39557831351779005
MA03CL,easy,17,0.1360482517799646,0.0,0.17316017316017315
MA03CL,easy,18,0.1956679124190424,0.09219138932423712,0.2677535477345075
MA03CL,easy,19,0.12289541600098315,0.0,0.1452573476008328
MA03CL,hard,0,0.16046213093709885,0.0,
MA03CL,hard,1,,0.0,
MA03CL,hard,2,0.13894892854937319,0.08051529790660225,0.23243458626643645
MA03CL,hard,3,0.1251225157967176,0.0,0.21427806149780365
MA03CL,hard,4,0.17340269441109776,0.0,0.20801759234495257
MA03CL,hard,5,0.19045107604857966,0.0,0.2732783464175693
MA03CL,hard,6,0.0962741888899586,0.0,0.12686330478908975
MA03CL,hard,7,0.1077615237479458,0.15441630636195183,0.10383676859976118
MA03CL,hard,8,0.1578183195505334,0.0,0.13349352556401015
MA03CL,hard,9,0.09822217856792062,0.20271639975674033,
MA03CL,hard,10,0.0560245013819377,0.07421150278293136,0.06802258349772124
MA03CL,hard,11,0.20850274181105483,0.07935878104912308,0.2408229263425878
MA03CL,hard,12,0.11832919181161992,0.12531014260294226,0.10563008344776592
MA03CL,hard,13,0.1361933946203609,0.19727756954034326,
MA03CL,hard,14,0.2534279464333351,0.15055706112616682,0.29868082635028625
MA03CL,hard,15,0.11276923655226853,0.17857142857142855,0.1220911776915
MA03CL,hard,16,,0.0,
MA03CL,hard,17,0.20401757689893282,0.0,0.30442113150992883
MA03CL,hard,18,0.2667520273154076,0.0,0.3878887443813175
MA03CL,hard,19,0.12158424268214839,0.06647168306301515,0.13288153611055745
MA03CL,normal,0,0.14645577035735208,0.08399126490844952,
MA03CL,normal,1,0.1976284584980237,0.19046167911016304,0.29054283085564864
MA03CL,normal,2,0.21339308339668442,0.0,0.24952823567941862
MA03CL,normal,3,0.2067552581621337,0.10196798205363515,0.2721014394166145
MA03CL,normal,4,,0.0,
MA03CL,normal,5,0.11547344110854503,0.06351626016260163,0.13936311058462825
MA03CL,normal,6,0.24481801860616942,0.19698611247907022,0.25967281225655675
MA03CL,normal,7,0.09070294784580499,0.10582010582010581,0.0
MA03CL,normal,8,0.20142462141326836,0.10195758564437195,0.2922172797818111
MA03CL,normal,9,0.20209913636302393,0.0,0.23930314922944385
MA03CL,normal,10,0.1449095350474061,0.0,0.2298246766038479
MA03CL,normal,11,0.16505190882532556,0.09214891264283082,0.1946619371025652
MA03CL,normal,12,0.1279317697228145,0.10582010582010581,
MA03CL,normal,13,0.19977625059932874,0.0,0.26689441656880536
MA03CL,normal,14,0.20052638175209925,0.0,0.21977331951901038
MA03CL,normal,15,0.0732627568775413,0.0,0.09852216748768472
MA03CL,normal,16,0.10061036957542424,0.0,0.1855517070757051
MA03CL,normal,17,0.19033922679976314,0.16327863499061146,0.24663519131844125
MA03CL,normal,18,0.16170763260025875,0.0,0.2447281478158013
MA03CL,normal,19,0.15724918754586434,0.0,0.21315598755169032
PA05OL,easy,0,0.476449768581541,0.4758883248730964,0.5714285714285714
PA05OL,easy,1,0.5140947648016452,0.2864508736751647,0.5126702797714955
PA05OL,easy,2,0.46853769385747085,0.5493901769036369,0.5042016806722689
PA05OL,easy,3,0.4147083218136577,0.33619095646327113,0.46906315295722995
PA05OL,easy,4,0.55577610162763,0.7780082987551867,0.4397537379067722
PA05OL,easy,5,0.4760509740735316,0.4083299305839118,0.5465808332321146
PA05OL,easy,6,0.3903708523096942,0.44081992506061274,
PA05OL,easy,7,0.5486879901881677,0.21997360316761988,0.5786929007448337
PA05OL,easy,8,0.23860653781913627,0.0,
PA05OL,easy,9,0.5996684186391055,0.7136060894386299,0.5714829983807982
PA05OL,easy,10,0.530287579033245,0.31725888324873097,0.6407269338303822
PA05OL,easy,11,0.37593984962406013,0.2604166666666667,0.4081077404434771
PA05OL,easy,12,0.4567774351947014,0.4401408450704225,0.0
PA05OL,easy,13,0.6071428571428571,0.33602150537634407,0.7388434636981578
PA05OL,easy,14,0.4633025751901471,0.3571428571428571,0.4759961920304638
PA05OL,easy,15,0.5038206398522126,0.4084133142740453,0.952154248988336
PA05OL,easy,16,0.42571306939123027,0.6214267959234403,0.25967281225655675
PA05OL,easy,17,0.3449295358233961,0.2591344908007256,0.35734705546026296
PA05OL,easy,18,0.6163673549435464,0.5180005180005179,0.662297824874512
PA05OL,easy,19,0.4609144542772861,0.0,0.5442176870748299
PA05OL,hard,0,,0.0,0.0
PA05OL,hard,1,0.6080746659124655,0.5035246727089627,0.6366577190446693
PA05OL,hard,2,0.6135378459486495,0.5045408678102926,0.6256103515625
PA05OL,hard,3,0.5308794903556893,0.5082592121982211,0.6009916361997296
PA05OL,hard,4,0.5545365354263533,0.6249442014105883,0.5102040816326531
PA05OL,hard,5,0.19175455417066156,0.0,
PA05OL,hard,6,0.4519433564326604,0.3184713375796178,
PA05OL,hard,7,0.6534988863845508,0.4568296025582458,0.735255501286697
PA05OL,hard,8,0.4467077637809345,0.5492694716027683,
PA05OL,hard,9,,0.0,
PA05OL,hard,10,0.4474888988330866,0.7127583749109051,0.428510212826739
PA05OL,hard,11,0.2956830277942046,0.333926981300089,
PA05OL,hard,12,0.34036759700476515,1.1961722488038278,
PA05OL,hard,13,0.7144898542440697,0.3581661891117478,0.7142857142857142
PA05OL,hard,14,0.5058093693747303,0.38875210574057273,0.5062101133549075
PA05OL,hard,15,0.3909304143862392,0.4108463434675431,
PA05OL,hard,16,0.5469073058812545,0.5192107995846313,0.607913000894983
PA05OL,hard,17,0.5184417123389127,0.5607476635514018,
PA05OL,hard,18,0.5468343625378449,0.476341695776437,0.5873764411700538
PA05OL,hard,19,0.5121638924455826,0.42872454448017144,0.5647277679965451
PA05OL,normal,0,0.41401010184648507,0.35707909301910373,0.4180310736431408
PA05OL,normal,1,0.5132717407244464,0.5046257359125316,0.5711022272986864
PA05OL,normal,2,0.55883266066439,0.5185377236193933,0.6351894982002965
PA05OL,normal,3,,0.0,0.0
PA05OL,normal,4,0.40866366979975477,0.8573878250928837,
PA05OL,normal,5,0.491725768321513,0.2598752598752599,0.5298013245033112
PA05OL,normal,6,0.6435265253589671,0.4401408450704225,0.7661767778783868
PA05OL,normal,7,0.49568049851295853,0.47664442326024786,0.5098052543928219
PA05OL,normal,8,0.4609569466211856,0.588185866733888,0.4510599909788002
PA05OL,normal,9,0.626892347911915,0.5285412262156448,0.6572830164481067
PA05OL,normal,10,0.6626905235255135,0.7135212272565109,0.6348803250587265
PA05OL,normal,11,0.3835826620636747,0.26219192448872575,
PA05OL,normal,12,0.5076786394212464,0.5399568034557235,
PA05OL,normal,13,0.6076810889645115,0.7531254707034192,0.4384042086804033
PA05OL,normal,14,0.5973095102062016,0.9541984732824427,0.5551810286711346
PA05OL,normal,15,0.48868506127358846,0.3183699458771092,0.43939144285165044
PA05OL,normal,16,0.4484053584440334,0.4865884070312025,
PA05OL,normal,17,0.4764173415912339,0.6343165239454488,
PA05OL,normal,18,0.4975307731996757,0.2041649652919559,0.5535259603675412
PA05OL,normal,19,0.599880023995201,0.8812513769552766,0.64342301041541
PI10MA,easy,0,0.027472527472527472,0.0,0.05290725358446643
PI10MA,easy,1,0.05598790661217177,0.0,0.12411567580985478
PI10MA,easy,2,0.024625083109655495,0.0,0.0328223980043982
PI10MA,easy,3,0.02249212775528565,0.0,0.03320383836371484
PI10MA,easy,4,0.084863228762977,0.0,0.1127777151234916
PI10MA,easy,5,0.06034517439755401,0.0,0.08568735540258775
PI10MA,easy,6,0.06857456340861297,0.0,0.10204428722065376
PI10MA,easy,7,0.049273220004927315,0.0,0.0793619300821396
PI10MA,easy,8,0.025967281225655676,0.0,0.0380778310867413
PI10MA,easy,9,,0.0,0.0
PI10MA,easy,10,0.09363515063554859,0.0,0.11420740063956145
PI10MA,easy,11,0.03380148388514256,0.0,0.03885456735439251
PI10MA,easy,12,0.028562451800862584,0.0,0.0509761941173472
PI10MA,easy,13,0.11898151820417227,0.0,0.199203187250996
PI10MA,easy,14,,0.0,0.0
PI10MA,easy,15,0.05655788699734177,0.14253135689851767,0.03965421524308034
PI10MA,easy,16,,0.0,0.0
PI10MA,easy,17,0.08114511993248726,0.0,0.10734681609343466
PI10MA,easy,18,,0.0,
PI10MA,easy,19,0.021155961750021157,0.03913741145160659,0.0
PI10MA,hard,0,,0.0,
PI10MA,hard,1,,0.0,0.0
PI10MA,hard,2,,0.0,0.0
PI10MA,hard,3,,0.0,
PI10MA,hard,4,,0.0,
PI10MA,hard,5,0.05531177403296582,0.0,0.10581637332016508
PI10MA,hard,6,0.01842910323983635,0.0,0.02668801708033093
PI10MA,hard,7,,0.0,
PI10MA,hard,8,0.026676981766282963,0.0,0.019678066826714944
PI10MA,hard,9,0.18604651162790697,0.0,
PI10MA,hard,10,0.054797523151953534,0.08932559178204555,0.0
PI10MA,hard,11,,0.0,
PI10MA,hard,12,0.029904306220095697,0.0,0.02914262400186513
PI10MA,hard,13,0.08932559178204555,0.0,
PI10MA,hard,14,0.04485713004081999,0.0,0.05867970660146699
PI10MA,hard,15,,0.0,
PI10MA,hard,16,,0.0,
PI10MA,hard,17,0.030394212941855868,0.0,0.06644518272425248
PI10MA,hard,18,,0.0,
PI10MA,hard,19,0.14527845036319612,0.31746031746031744,0.12071948814937025
PI10MA,normal,0,,0.0,
PI10MA,normal,1,0.17857780635022677,0.0,0.291528190776048
PI10MA,normal,2,,0.0,0.0
PI10MA,normal,3,0.01333777925975325,0.0,0.02300860521835166
PI10MA,normal,4,0.06015218502812114,0.0,0.11904053330158917
PI10MA,normal,5,0.04569966182250251,0.0,0.0620770997578993
PI10MA,normal,6,,0.0,
PI10MA,normal,7,,0.0,
PI10MA,normal,8,0.15865712608481808,0.0,0.25706206620776323
PI10MA,normal,9,0.027458194898267386,0.0,0.030868961259453615
PI10MA,normal,10,0.05602240896358543,0.0,0.09070294784580499
PI10MA,normal,11,,0.0,
PI10MA,normal,12,,0.0,0.0
PI10MA,normal,13,0.015696369429750896,0.0,0.02100046201016422
PI10MA,normal,14,0.04328816934331847,0.0,0.08163931749530573
PI10MA,normal,15,,0.0,0.0
PI10MA,normal,16,,0.0,
PI10MA,normal,17,,0.0,
PI10MA,normal,18,,0.0,0.0
PI10MA,normal,19,,0.0,0.0
TI01NI,easy,0,,0.0,0.0
TI01NI,easy,1,0.08748906386701663,0.0,0.10849909584086799
TI01NI,easy,2,0.08177952240758914,0.13605442176870747,0.0
TI01NI,easy,3,,0.0,0.0
TI01NI,easy,4,0.10209811628975446,0.0,0.15444015444015444
TI01NI,easy,5,0.4465880671668453,0.5340929321701976,0.9528346831824678
TI01NI,easy,6,0.1144950767117014,0.12981955082435415,
TI01NI,easy,7,0.13066771200836272,0.1512401693889897,
TI01NI,easy,8,0.10218679746576742,0.0,0.16812373907195696
TI01NI,easy,9,0.1038934053660944,0.0,0.12835734685364053
TI01NI,easy,10,0.1543984251360636,0.0,0.2075980900975711
TI01NI,easy,11,0.2012234385061172,0.0,0.2695417789757412
TI01NI,easy,12,,0.0,0.0
TI01NI,easy,13,,0.0,0.0
TI01NI,easy,14,0.1325302978986585,0.0,0.14773473407747867
TI01NI,easy,15,,0.0,0.0
TI01NI,easy,16,0.16345210853220005,0.0,
TI01NI,easy,17,0.20061186619188526,0.0,0.34623041634207563
TI01NI,easy,18,,0.0,0.0
TI01NI,easy,19,0.17163453286801306,0.0,0.2857414991903991
TI01NI,hard,0,0.06812917291184084,0.0,0.5714285714285714
TI01NI,hard,1,0.1447596988998263,0.0,0.2657630722211149
TI01NI,hard,2,0.15323322096230463,0.0,0.2955373854792631
TI01NI,hard,3,,0.0,0.0
TI01NI,hard,4,0.22241992882562275,0.3206155819172812,
TI01NI,hard,5,,0.0,
TI01NI,hard,6,,0.0,
TI01NI,hard,7,0.05957700327673518,0.09530162965786715,0.0
TI01NI,hard,8,,,
TI01NI,hard,9,,0.0,
TI01NI,hard,10,0.041074509159615545,0.05876476464711759,
TI01NI,hard,11,0.2559508574353724,0.11913271384322134,0.3021895002884536
TI01NI,hard,12,0.19702492365284208,0.0,0.28210734184357145
TI01NI,hard,13,0.16685785796224842,0.0772499034376207,0.24987506246876562
TI01NI,hard,14,0.1925483777799172,0.17847581652686062,0.22823234052265207
TI01NI,hard,15,0.17238407171177383,0.0,0.24985722444317532
TI01NI,hard,16,0.22674708629994103,0.11907597046915933,0.285560173874417
TI01NI,hard,17,,0.0,
TI01NI,hard,18,0.07337295472888694,0.10989010989010989,
TI01NI,hard,19,0.19766752322593398,0.23857807467493736,
TI01NI,normal,0,0.24348277765152745,0.0,0.329561682961661
TI01NI,normal,1,,0.0,
TI01NI,normal,2,0.14575134819997085,0.0,0.20400669141947855
TI01NI,normal,3,0.18060024955670848,0.0,0.22127009031842776
TI01NI,normal,4,,0.0,0.0
TI01NI,normal,5,0.13420759998466197,0.0,0.16123088262391744
TI01NI,normal,6,0.18500246669955597,0.0,0.22748527664737253
TI01NI,normal,7,0.17013168192180747,0.0,0.22319435764663867
TI01NI,normal,8,0.11138338159946536,0.0,0.19480519480519481
TI01NI,normal,9,0.21747234994407852,0.0,0.32256578037878436
TI01NI,normal,10,,0.0,0.0
TI01NI,normal,11,0.24551927326295112,0.0,0.3020318506315211
TI01NI,normal,12,0.21713169037020955,0.0,0.3174435215067986
TI01NI,normal,13,,0.0,0.0
TI01NI,normal,14,0.22727272727272727,0.0,0.2762812543168946
TI01NI,normal,15,0.18094307530850795,0.1192321449862883,0.32653061224489793
TI01NI,normal,16,,0.0,0.0
TI01NI,normal,17,0.14060083423161646,0.0,0.2678332291759664
TI01NI,normal,18,0.16971685571238648,0.10979358805445762,0.20407330313048447
TI01NI,normal,19,0.08670019074041962,0.10582010582010581,
