subject_id,game_difficulty,world_number,0
AL09OL,easy,0,0.7248565388100272
AL09OL,easy,1,0.9172716602182324
AL09OL,easy,2,0.9423231635621017
AL09OL,easy,3,0.9492214508947092
AL09OL,easy,4,0.9150048896636762
AL09OL,easy,5,0.8802327667974057
AL09OL,easy,6,0.972948213612114
AL09OL,easy,7,1.0
AL09OL,easy,8,0.8704784767308636
AL09OL,easy,9,0.981922737495374
AL09OL,easy,10,0.9325143413789371
AL09OL,easy,11,0.9307923771313942
AL09OL,easy,12,0.9248613639249884
AL09OL,easy,13,0.7383808514199631
AL09OL,easy,14,0.762137504072988
AL09OL,easy,15,1.0
AL09OL,easy,16,0.7599892732636095
AL09OL,easy,17,0.9726428920371275
AL09OL,easy,18,0.8690640848317197
AL09OL,easy,19,0.9778056274256145
AL09OL,hard,0,0.730964261084743
AL09OL,hard,1,0.9350124378109452
AL09OL,hard,2,0.9149887101655066
AL09OL,hard,3,0.9275327644416088
AL09OL,hard,4,0.8686609686609686
AL09OL,hard,5,1.0
AL09OL,hard,6,0.8510286119650036
AL09OL,hard,7,0.5684046345811051
AL09OL,hard,8,0.9216201620162017
AL09OL,hard,9,0.9220259913362212
AL09OL,hard,10,0.8390675781687773
AL09OL,hard,11,0.8700305810397554
AL09OL,hard,12,0.8385826771653543
AL09OL,hard,13,0.7348767737117252
AL09OL,hard,14,0.8497165768007743
AL09OL,hard,15,0.8070756307673442
AL09OL,hard,16,0.6370705244122966
AL09OL,hard,17,0.6579370754379692
AL09OL,hard,18,0.8001155786712898
AL09OL,hard,19,0.4949230769230769
AL09OL,normal,0,0.8794272649771371
AL09OL,normal,1,0.8973636773321316
AL09OL,normal,2,0.9140851109443671
AL09OL,normal,3,0.9772178115291681
AL09OL,normal,4,0.9518846621504256
AL09OL,normal,5,0.9547857843671645
AL09OL,normal,6,0.9750880281690141
AL09OL,normal,7,0.7047713717693836
AL09OL,normal,8,0.9891241392625008
AL09OL,normal,9,0.9916540975364505
AL09OL,normal,10,0.9019734192509061
AL09OL,normal,11,0.8800477580260015
AL09OL,normal,12,0.9506244433858708
AL09OL,normal,13,0.8694295900178253
AL09OL,normal,14,0.9397264829363595
AL09OL,normal,15,0.8773584905660378
AL09OL,normal,16,0.9046852815901562
AL09OL,normal,17,0.9146123615576992
AL09OL,normal,18,0.9499658999317999
AL09OL,normal,19,0.911682892906815
AN06AN,easy,0,0.8819040351044548
AN06AN,easy,1,0.9798555577077396
AN06AN,easy,2,0.9264793605344787
AN06AN,easy,3,0.9289006382941719
AN06AN,easy,4,0.9017409968995945
AN06AN,easy,5,0.9020416033938342
AN06AN,easy,6,0.6419245314268364
AN06AN,easy,7,0.844361508977204
AN06AN,easy,8,0.9778865325357985
AN06AN,easy,9,0.9321859853774748
AN06AN,easy,10,0.9477957184325109
AN06AN,easy,11,0.8955009213897254
AN06AN,easy,12,0.8109510086455332
AN06AN,easy,13,0.9751755265797393
AN06AN,easy,14,0.8956502636203867
AN06AN,easy,15,0.9928534616045352
AN06AN,easy,16,0.721074784651527
AN06AN,easy,17,0.8993790572960768
AN06AN,easy,18,0.9537690977226867
AN06AN,easy,19,0.990710868839693
AN06AN,hard,0,0.9374787342633549
AN06AN,hard,1,0.8669423716623214
AN06AN,hard,2,0.8546454527597721
AN06AN,hard,3,0.8997720254167407
AN06AN,hard,4,0.9502117942947912
AN06AN,hard,5,0.8591094493541809
AN06AN,hard,6,0.7644735049720747
AN06AN,hard,7,0.9528764296156161
AN06AN,hard,8,0.9340920379208327
AN06AN,hard,9,0.7688057264849931
AN06AN,hard,10,0.8704015749345168
AN06AN,hard,11,0.9291317284284555
AN06AN,hard,12,0.877900627900628
AN06AN,hard,13,0.9415511879962564
AN06AN,hard,14,0.7116052814454482
AN06AN,hard,15,0.9703719912472648
AN06AN,hard,16,0.7093469910371318
AN06AN,hard,17,0.8399612614248532
AN06AN,hard,18,0.9148993505618583
AN06AN,hard,19,0.8890449438202247
AN06AN,normal,0,0.8504162812210916
AN06AN,normal,1,0.5940099833610649
AN06AN,normal,2,0.7473273596761821
AN06AN,normal,3,0.8651064948724692
AN06AN,normal,4,0.9344625665795481
AN06AN,normal,5,0.958175598631699
AN06AN,normal,6,0.577286779414439
AN06AN,normal,7,0.9274053682037164
AN06AN,normal,8,0.8855355855751121
AN06AN,normal,9,0.9513469144093725
AN06AN,normal,10,0.8533373185630756
AN06AN,normal,11,0.8420203649561447
AN06AN,normal,12,0.8918796505985118
AN06AN,normal,13,0.9330495857068877
AN06AN,normal,14,0.7632747456059205
AN06AN,normal,15,0.823307751494466
AN06AN,normal,16,0.8776401299756296
AN06AN,normal,17,0.9545511518888973
AN06AN,normal,18,0.8667340918668353
AN06AN,normal,19,0.8037929752205808
BE09KE,easy,0,0.9811151811151811
BE09KE,easy,1,0.8911779201577131
BE09KE,easy,2,0.8228440141133995
BE09KE,easy,3,0.8434868929004743
BE09KE,easy,4,0.8057250924095246
BE09KE,easy,5,0.8506680639245481
BE09KE,easy,6,0.9467692549265918
BE09KE,easy,7,0.9337694704049844
BE09KE,easy,8,0.9510086455331412
BE09KE,easy,9,0.9874632713026444
BE09KE,easy,10,0.9181994327595406
BE09KE,easy,11,0.9521416016528416
BE09KE,easy,12,0.8801099646542183
BE09KE,easy,13,0.8660883438029714
BE09KE,easy,14,0.866374411430427
BE09KE,easy,15,0.8019582048351269
BE09KE,easy,16,0.9089132558896971
BE09KE,easy,17,0.8115197690952695
BE09KE,easy,18,0.8522823629169022
BE09KE,easy,19,0.9603062092429827
BE09KE,hard,0,0.9279044445177682
BE09KE,hard,1,0.8870573273332029
BE09KE,hard,2,0.8622129436325678
BE09KE,hard,3,0.7979231320124135
BE09KE,hard,4,0.9194592035351675
BE09KE,hard,5,0.7428938199156427
BE09KE,hard,6,0.915431314414796
BE09KE,hard,7,0.9081214452994313
BE09KE,hard,8,0.9439125722543352
BE09KE,hard,9,0.8179357317499126
BE09KE,hard,10,0.946413065949969
BE09KE,hard,11,0.9873556435977409
BE09KE,hard,12,0.7793688243126445
BE09KE,hard,13,0.7988227560654954
BE09KE,hard,14,0.933329999833325
BE09KE,hard,15,0.8457226744961964
BE09KE,hard,16,0.9517563696668174
BE09KE,hard,17,0.8947027726831374
BE09KE,hard,18,0.8297431460060115
BE09KE,hard,19,0.8439515914058752
BE09KE,normal,0,0.8041793848321203
BE09KE,normal,1,0.644166861494272
BE09KE,normal,2,0.8169473402833467
BE09KE,normal,3,0.7740017427853811
BE09KE,normal,4,0.9241329479768786
BE09KE,normal,5,0.8615023474178404
BE09KE,normal,6,0.9502373706634206
BE09KE,normal,7,0.9275805313896074
BE09KE,normal,8,0.9618798955613577
BE09KE,normal,9,0.9945804703377529
BE09KE,normal,10,0.8345052737317931
BE09KE,normal,11,0.8325444953902282
BE09KE,normal,12,0.9284170842719875
BE09KE,normal,13,0.8235294117647058
BE09KE,normal,14,0.7725468558104764
BE09KE,normal,15,0.8040973479297762
BE09KE,normal,16,0.9738134206219312
BE09KE,normal,17,0.9268282015395382
BE09KE,normal,18,0.9807592077831828
BE09KE,normal,19,0.8791168577701879
ED06RA,easy,0,0.9191763880068189
ED06RA,easy,1,0.8735933072459857
ED06RA,easy,2,0.957069306930693
ED06RA,easy,3,0.921645445641528
ED06RA,easy,4,0.9952939842376821
ED06RA,easy,5,0.8698732054909357
ED06RA,easy,6,0.9021545019874416
ED06RA,easy,7,0.9734587135544179
ED06RA,easy,8,0.926254349534179
ED06RA,easy,9,0.9159361302442078
ED06RA,easy,10,0.8352629741680242
ED06RA,easy,11,0.9556005984267169
ED06RA,easy,12,0.8733714285714286
ED06RA,easy,13,0.9114204269771955
ED06RA,easy,14,0.9612445654560625
ED06RA,easy,15,0.8440647118301314
ED06RA,easy,16,0.9604612850082372
ED06RA,easy,17,0.9547029524290768
ED06RA,easy,18,0.8620632963419647
ED06RA,easy,19,0.9730157561478427
ED06RA,hard,0,0.9066784308402335
ED06RA,hard,1,1.0
ED06RA,hard,2,0.8561501255127656
ED06RA,hard,3,0.9263694901546023
ED06RA,hard,4,0.9242837423829243
ED06RA,hard,5,0.7787112864142066
ED06RA,hard,6,0.91337281366203
ED06RA,hard,7,0.9148042391960903
ED06RA,hard,8,0.9759914255091104
ED06RA,hard,9,0.8947897229797618
ED06RA,hard,10,0.8311492883566368
ED06RA,hard,11,0.9843899469519088
ED06RA,hard,12,0.9926238145416227
ED06RA,hard,13,0.9414723365340649
ED06RA,hard,14,0.9172597198292007
ED06RA,hard,15,0.7607221914775871
ED06RA,hard,16,0.9020077709121408
ED06RA,hard,17,0.718392767453541
ED06RA,hard,18,0.7552687038988409
ED06RA,hard,19,0.9425663653832468
ED06RA,normal,0,0.7841198423494123
ED06RA,normal,1,0.8928472093454478
ED06RA,normal,2,0.820965558172747
ED06RA,normal,3,0.9909284195605953
ED06RA,normal,4,0.9058874552748564
ED06RA,normal,5,1.0
ED06RA,normal,6,0.7776774330641734
ED06RA,normal,7,0.9543420759894198
ED06RA,normal,8,0.8585202300088599
ED06RA,normal,9,0.8839212244226233
ED06RA,normal,10,0.912579389469371
ED06RA,normal,11,0.8850654057225693
ED06RA,normal,12,0.8137591846409101
ED06RA,normal,13,0.9591245489741631
ED06RA,normal,14,0.8967636707013478
ED06RA,normal,15,0.9539877300613497
ED06RA,normal,16,0.9347952648942364
ED06RA,normal,17,0.951271186440678
ED06RA,normal,18,0.8929478301015698
ED06RA,normal,19,0.833296394169295
GE01IN,easy,0,0.9393611679734271
GE01IN,easy,1,0.9761869325792528
GE01IN,easy,2,0.9105464311538064
GE01IN,easy,3,0.954619801635636
GE01IN,easy,4,0.9539586197645954
GE01IN,easy,5,0.9812727160721986
GE01IN,easy,6,0.9068095745854322
GE01IN,easy,7,0.9079635042962175
GE01IN,easy,8,0.8134201033440577
GE01IN,easy,9,0.957318461188254
GE01IN,easy,10,0.878319783197832
GE01IN,easy,11,1.0
GE01IN,easy,12,0.9254066315941889
GE01IN,easy,13,0.8915794718485301
GE01IN,easy,14,0.8372120957328609
GE01IN,easy,15,0.9550561797752809
GE01IN,easy,16,0.8338994338994339
GE01IN,easy,17,0.807020702070207
GE01IN,easy,18,0.9564783816511148
GE01IN,easy,19,0.7871604762244243
GE01IN,hard,0,0.9730117126709804
GE01IN,hard,1,0.9657467532467533
GE01IN,hard,2,0.8752780496485453
GE01IN,hard,3,0.6813020439061317
GE01IN,hard,4,0.5793918918918919
GE01IN,hard,5,0.6889905924230867
GE01IN,hard,6,0.9240164328805656
GE01IN,hard,7,0.875838259400924
GE01IN,hard,8,0.8451932139491046
GE01IN,hard,9,0.9291725105189341
GE01IN,hard,10,0.8155543398978847
GE01IN,hard,11,0.6777255311738071
GE01IN,hard,12,0.8634607956740054
GE01IN,hard,13,0.9071216920404619
GE01IN,hard,14,0.8060561380515509
GE01IN,hard,15,0.9474078513635001
GE01IN,hard,16,0.7342598084908059
GE01IN,hard,17,0.8347513089005235
GE01IN,hard,18,0.8525842226407199
GE01IN,hard,19,1.0
GE01IN,normal,0,0.913120688477563
GE01IN,normal,1,0.8075471698113208
GE01IN,normal,2,0.9508146247594612
GE01IN,normal,3,0.8868438665264365
GE01IN,normal,4,0.8483765394884162
GE01IN,normal,5,0.9445505388078025
GE01IN,normal,6,0.9248497446789281
GE01IN,normal,7,0.8787454420546424
GE01IN,normal,8,0.8487187766004285
GE01IN,normal,9,0.8943078432035716
GE01IN,normal,10,0.8633064141836072
GE01IN,normal,11,0.8481692756699389
GE01IN,normal,12,0.7337821782178218
GE01IN,normal,13,0.8561121315924474
GE01IN,normal,14,0.8785609842182222
GE01IN,normal,15,0.9332018864405425
GE01IN,normal,16,0.8717428449380606
GE01IN,normal,17,0.8591508052708638
GE01IN,normal,18,0.8403567784118825
GE01IN,normal,19,0.9152185360716166
JA06LU,easy,0,0.9763197488061752
JA06LU,easy,1,0.8607321487651558
JA06LU,easy,2,0.9172252901396805
JA06LU,easy,3,0.9708945260347129
JA06LU,easy,4,0.6881831888428195
JA06LU,easy,5,0.6480917817841255
JA06LU,easy,6,0.925385813393742
JA06LU,easy,7,0.8814743991296033
JA06LU,easy,8,0.9410260212024613
JA06LU,easy,9,0.8189515230607632
JA06LU,easy,10,0.909137481371088
JA06LU,easy,11,0.824122873061286
JA06LU,easy,12,0.7701303040427665
JA06LU,easy,13,0.9202703299615708
JA06LU,easy,14,0.943089430894309
JA06LU,easy,15,0.9028526262844003
JA06LU,easy,16,0.9195259517894313
JA06LU,easy,17,0.9266468573730863
JA06LU,easy,18,0.7517770781265215
JA06LU,easy,19,0.9084521231048204
JA06LU,hard,0,0.926375943186862
JA06LU,hard,1,0.8940029238356869
JA06LU,hard,2,0.8110324263883713
JA06LU,hard,3,0.7803622159090909
JA06LU,hard,4,0.8727751178684989
JA06LU,hard,5,0.7506115187903046
JA06LU,hard,6,0.8532424849699399
JA06LU,hard,7,0.918764644299317
JA06LU,hard,8,0.857716345057251
JA06LU,hard,9,0.8565681545079327
JA06LU,hard,10,0.9142997596679048
JA06LU,hard,11,0.9480714643513107
JA06LU,hard,12,0.9143192488262911
JA06LU,hard,13,0.9399433809652198
JA06LU,hard,14,0.9211565636436103
JA06LU,hard,15,0.9917491749174917
JA06LU,hard,16,0.8314176245210728
JA06LU,hard,17,0.7277049559216826
JA06LU,hard,18,0.8962040332147093
JA06LU,hard,19,0.8153823217598728
JA06LU,normal,0,0.7295792079207921
JA06LU,normal,1,0.9925731084635618
JA06LU,normal,2,0.8836305888101637
JA06LU,normal,3,0.9161251239123251
JA06LU,normal,4,0.9622404659687178
JA06LU,normal,5,0.926220271632762
JA06LU,normal,6,0.9339196940726577
JA06LU,normal,7,0.9503052064631957
JA06LU,normal,8,0.9116687578419072
JA06LU,normal,9,0.8480079834190527
JA06LU,normal,10,0.9175090909090909
JA06LU,normal,11,0.8624561403508771
JA06LU,normal,12,0.7939196769127216
JA06LU,normal,13,0.8964293171852161
JA06LU,normal,14,0.9171399933177414
JA06LU,normal,15,0.8831506450674168
JA06LU,normal,16,0.9330556561632258
JA06LU,normal,17,0.9357687675632276
JA06LU,normal,18,0.9367916585713361
JA06LU,normal,19,0.8669221460266237
JO03SA,easy,0,0.9830187248881813
JO03SA,easy,1,0.8983979046906357
JO03SA,easy,2,1.0
JO03SA,easy,3,0.8405645034363359
JO03SA,easy,4,0.9287993668785581
JO03SA,easy,5,0.8920158994994603
JO03SA,easy,6,0.3875094055680963
JO03SA,easy,7,0.9468711101052394
JO03SA,easy,8,0.8329295968585052
JO03SA,easy,9,0.8664192949907236
JO03SA,easy,10,0.802787560140866
JO03SA,easy,11,0.9522462127807766
JO03SA,easy,12,0.8297839185539164
JO03SA,easy,13,0.9206509104998063
JO03SA,easy,14,0.9351421069602469
JO03SA,easy,15,0.855054596688975
JO03SA,easy,16,0.8893181205641901
JO03SA,easy,17,0.7423402078509505
JO03SA,easy,18,0.9494562076393632
JO03SA,easy,19,0.8871789696755639
JO03SA,hard,0,0.8056801488590736
JO03SA,hard,1,0.8794699135996065
JO03SA,hard,2,0.880449988342271
JO03SA,hard,3,0.72937936767724
JO03SA,hard,4,0.9390085922009254
JO03SA,hard,5,0.8841623292764059
JO03SA,hard,6,0.8416512510953169
JO03SA,hard,7,0.701529473812325
JO03SA,hard,8,0.8387302345959294
JO03SA,hard,9,0.8387988294858099
JO03SA,hard,10,0.8828291363866825
JO03SA,hard,11,0.8741892931735737
JO03SA,hard,12,0.8095190893922123
JO03SA,hard,13,0.8215002461282138
JO03SA,hard,14,0.3006086266207992
JO03SA,hard,15,0.7485904510556622
JO03SA,hard,16,0.8162416749457262
JO03SA,hard,17,0.8660123324093455
JO03SA,hard,18,0.32770745428973275
JO03SA,hard,19,0.8344249024946648
JO03SA,normal,0,0.8194360169897487
JO03SA,normal,1,0.8998887137160345
JO03SA,normal,2,0.9697118452702371
JO03SA,normal,3,0.8401012394387166
JO03SA,normal,4,0.8281584487730659
JO03SA,normal,5,0.834321590512731
JO03SA,normal,6,0.8137010491326477
JO03SA,normal,7,0.7972253618696904
JO03SA,normal,8,0.838597039816552
JO03SA,normal,9,0.8898362126991249
JO03SA,normal,10,0.18657478305257785
JO03SA,normal,11,0.8631544902432889
JO03SA,normal,12,0.7879970271274619
JO03SA,normal,13,0.47058823529411764
JO03SA,normal,14,0.8879210830097597
JO03SA,normal,15,0.8431415565184007
JO03SA,normal,16,1.0
JO03SA,normal,17,0.7438081207991898
JO03SA,normal,18,0.621972035591066
JO03SA,normal,19,0.7686327991817252
KR07HA,easy,0,0.7431198841243642
KR07HA,easy,1,0.08376963350785341
KR07HA,easy,2,0.7475355646065758
KR07HA,easy,3,0.6590227613465994
KR07HA,easy,4,0.5341324822915856
KR07HA,easy,5,0.8370251578630851
KR07HA,easy,6,0.8125502815768303
KR07HA,easy,7,0.6031687739363097
KR07HA,easy,8,0.7861899080096993
KR07HA,easy,9,0.8787612176667253
KR07HA,easy,10,0.8834855101230648
KR07HA,easy,11,0.7021663172606569
KR07HA,easy,12,0.834827824056879
KR07HA,easy,13,0.8315370385265021
KR07HA,easy,14,0.794670250259895
KR07HA,easy,15,0.6713553857704367
KR07HA,easy,16,0.7707607699358386
KR07HA,easy,17,0.6676645511515586
KR07HA,easy,18,0.8562237609726842
KR07HA,easy,19,0.7624957497449847
KR07HA,hard,0,0.8560377086931491
KR07HA,hard,1,0.7950310559006211
KR07HA,hard,2,0.6749500703925613
KR07HA,hard,3,0.6459674627898927
KR07HA,hard,4,0.5935824175824176
KR07HA,hard,5,0.7818463740458015
KR07HA,hard,6,0.8372158032053671
KR07HA,hard,7,0.8594457325825329
KR07HA,hard,8,0.7153983088562528
KR07HA,hard,9,0.09709717479043775
KR07HA,hard,10,0.8689446729913526
KR07HA,hard,11,0.22864167178856792
KR07HA,hard,12,0.821105496287978
KR07HA,hard,13,0.7044452705932338
KR07HA,hard,14,0.0
KR07HA,hard,15,0.593497290537724
KR07HA,hard,16,0.22907337237340683
KR07HA,hard,17,0.6055538966855778
KR07HA,hard,18,0.8371258827485708
KR07HA,hard,19,0.7653970691324231
KR07HA,normal,0,0.8654935427837777
KR07HA,normal,1,0.8560132837827152
KR07HA,normal,2,0.8044359828653023
KR07HA,normal,3,0.8630077872148447
KR07HA,normal,4,0.7042532649016718
KR07HA,normal,5,0.9092651757188498
KR07HA,normal,6,0.6515628992419725
KR07HA,normal,7,0.7547129160831628
KR07HA,normal,8,0.6259856457790223
KR07HA,normal,9,0.6866302840998825
KR07HA,normal,10,0.7106031780058415
KR07HA,normal,11,0.7178062253977705
KR07HA,normal,12,0.8759231905465288
KR07HA,normal,13,0.7451039053690194
KR07HA,normal,14,0.39854299928926795
KR07HA,normal,15,0.6811277622555245
KR07HA,normal,16,0.9186798679867987
KR07HA,normal,17,0.653768921841211
KR07HA,normal,18,0.8361944763253645
KR07HA,normal,19,0.7784051320246991
MA03CL,easy,0,0.9677556771635482
MA03CL,easy,1,0.9602649006622517
MA03CL,easy,2,0.8984565393988627
MA03CL,easy,3,0.849910349636418
MA03CL,easy,4,0.8286294939317609
MA03CL,easy,5,0.8840638459589562
MA03CL,easy,6,0.9383745963401507
MA03CL,easy,7,0.9564629529475392
MA03CL,easy,8,0.8497973061331241
MA03CL,easy,9,0.8808092733712568
MA03CL,easy,10,0.8685339389351502
MA03CL,easy,11,0.9528342917894941
MA03CL,easy,12,0.8844895540843402
MA03CL,easy,13,0.7883233874339579
MA03CL,easy,14,0.9885697956850978
MA03CL,easy,15,0.8485639686684073
MA03CL,easy,16,0.6945281340564116
MA03CL,easy,17,0.9276488741570466
MA03CL,easy,18,0.9305500199282583
MA03CL,easy,19,0.8581316216843244
MA03CL,hard,0,0.9550832163625426
MA03CL,hard,1,0.96298010180472
MA03CL,hard,2,0.8415157584924171
MA03CL,hard,3,0.894974396874835
MA03CL,hard,4,0.7976292182827851
MA03CL,hard,5,0.7543902094800299
MA03CL,hard,6,0.9723914247290563
MA03CL,hard,7,0.9094274185480374
MA03CL,hard,8,0.8916721514576639
MA03CL,hard,9,0.9589699359290291
MA03CL,hard,10,0.9302055977476519
MA03CL,hard,11,0.9019270474879559
MA03CL,hard,12,0.9719509661333887
MA03CL,hard,13,0.9405428329092451
MA03CL,hard,14,0.867710642008502
MA03CL,hard,15,0.799761620977354
MA03CL,hard,16,0.8876639422163087
MA03CL,hard,17,0.782071764756682
MA03CL,hard,18,0.8315617783968039
MA03CL,hard,19,0.8986496403933656
MA03CL,normal,0,0.9252952485580884
MA03CL,normal,1,0.9354045949541181
MA03CL,normal,2,0.8962250862736812
MA03CL,normal,3,0.8425161160354553
MA03CL,normal,4,0.9777759620884059
MA03CL,normal,5,0.9511701719507516
MA03CL,normal,6,0.8659515041539912
MA03CL,normal,7,0.9178781925343812
MA03CL,normal,8,0.86
MA03CL,normal,9,0.8225377432905913
MA03CL,normal,10,0.8249342123878781
MA03CL,normal,11,0.905152224824356
MA03CL,normal,12,0.8068833652007649
MA03CL,normal,13,0.839420120852327
MA03CL,normal,14,0.8573158914728682
MA03CL,normal,15,0.9796098898668671
MA03CL,normal,16,0.9726446280991735
MA03CL,normal,17,0.915886867837241
MA03CL,normal,18,0.8814095725766304
MA03CL,normal,19,0.90513177985793
PA05OL,easy,0,0.974349302150132
PA05OL,easy,1,0.9506768189509306
PA05OL,easy,2,0.9309573908469226
PA05OL,easy,3,0.9008553654743391
PA05OL,easy,4,0.9553072625698324
PA05OL,easy,5,0.916873985938345
PA05OL,easy,6,0.9211436896740121
PA05OL,easy,7,0.8772813238770686
PA05OL,easy,8,0.7342806394316164
PA05OL,easy,9,0.8718675644205943
PA05OL,easy,10,0.9881918819188192
PA05OL,easy,11,1.0
PA05OL,easy,12,0.9059551430781129
PA05OL,easy,13,0.9368665891344077
PA05OL,easy,14,0.9071830745606552
PA05OL,easy,15,0.922356894275771
PA05OL,easy,16,0.9552188267163295
PA05OL,easy,17,0.9374099082011987
PA05OL,easy,18,0.9675401024607374
PA05OL,easy,19,0.9405328871154589
PA05OL,hard,0,0.7717170088862917
PA05OL,hard,1,0.8252821069900459
PA05OL,hard,2,0.9266652875465453
PA05OL,hard,3,0.8993409227082085
PA05OL,hard,4,0.9503282546760807
PA05OL,hard,5,0.9157482243448445
PA05OL,hard,6,0.9183397247913377
PA05OL,hard,7,0.8800623052959502
PA05OL,hard,8,0.8425380461462936
PA05OL,hard,9,0.836810139952469
PA05OL,hard,10,0.765859346017277
PA05OL,hard,11,0.8896476642913698
PA05OL,hard,12,0.8144508670520231
PA05OL,hard,13,0.7901285347043702
PA05OL,hard,14,0.8409100777213321
PA05OL,hard,15,0.8651162790697674
PA05OL,hard,16,0.8230185431499882
PA05OL,hard,17,0.9797611819469743
PA05OL,hard,18,0.7870484944906017
PA05OL,hard,19,0.8581657109917782
PA05OL,normal,0,0.9741219963031423
PA05OL,normal,1,0.8656445430704055
PA05OL,normal,2,0.6567738389667491
PA05OL,normal,3,0.9894143366701185
PA05OL,normal,4,0.7582332429290972
PA05OL,normal,5,0.8766561079741082
PA05OL,normal,6,0.8733109104856317
PA05OL,normal,7,0.8954478810305103
PA05OL,normal,8,0.9614085239085239
PA05OL,normal,9,0.8850102669404517
PA05OL,normal,10,0.9794967381174278
PA05OL,normal,11,0.880463401790416
PA05OL,normal,12,0.7512174284493806
PA05OL,normal,13,1.0
PA05OL,normal,14,0.8840241145440844
PA05OL,normal,15,0.8778114186851211
PA05OL,normal,16,0.9158581608998025
PA05OL,normal,17,0.8037562284400154
PA05OL,normal,18,0.8638554869461597
PA05OL,normal,19,0.8422502666192677
PI10MA,easy,0,0.9786307119916049
PI10MA,easy,1,0.9368665120900961
PI10MA,easy,2,0.9870942178699799
PI10MA,easy,3,0.8567844099361566
PI10MA,easy,4,0.928950195820192
PI10MA,easy,5,0.8182229417646779
PI10MA,easy,6,0.7871361682319761
PI10MA,easy,7,0.951568161231884
PI10MA,easy,8,0.9601562980739646
PI10MA,easy,9,0.9608089860054014
PI10MA,easy,10,0.932832523199293
PI10MA,easy,11,0.8323905509301677
PI10MA,easy,12,0.9136562059601966
PI10MA,easy,13,0.9315007867820614
PI10MA,easy,14,0.5394001490312966
PI10MA,easy,15,0.9506597628194421
PI10MA,easy,16,0.9211194731890875
PI10MA,easy,17,0.8279039948711784
PI10MA,easy,18,0.9756124115405552
PI10MA,easy,19,0.9905716114420757
PI10MA,hard,0,0.9468107209640557
PI10MA,hard,1,0.977377274287676
PI10MA,hard,2,0.7238999372561857
PI10MA,hard,3,0.9010736196319018
PI10MA,hard,4,0.9206085753803596
PI10MA,hard,5,0.9209250524109015
PI10MA,hard,6,0.870934211096193
PI10MA,hard,7,0.9953848689632437
PI10MA,hard,8,0.8612915613299625
PI10MA,hard,9,0.8944874033424794
PI10MA,hard,10,0.48505335719493603
PI10MA,hard,11,0.97050799970508
PI10MA,hard,12,0.8659183376925312
PI10MA,hard,13,0.7853571825352739
PI10MA,hard,14,0.8568656368858185
PI10MA,hard,15,0.7747653806047967
PI10MA,hard,16,0.7526901843361093
PI10MA,hard,17,0.6155675675675676
PI10MA,hard,18,0.9336506159014558
PI10MA,hard,19,0.6093913270637409
PI10MA,normal,0,0.8991820429902987
PI10MA,normal,1,0.8691106585200271
PI10MA,normal,2,0.9403341288782816
PI10MA,normal,3,0.8671218165081314
PI10MA,normal,4,0.933972850678733
PI10MA,normal,5,0.7863228444848347
PI10MA,normal,6,1.0
PI10MA,normal,7,0.9390579336427712
PI10MA,normal,8,0.866986255047441
PI10MA,normal,9,0.8015722690625052
PI10MA,normal,10,0.9247770983500154
PI10MA,normal,11,0.828369140625
PI10MA,normal,12,0.5798682972718721
PI10MA,normal,13,0.7431826219682445
PI10MA,normal,14,0.9330134759582612
PI10MA,normal,15,0.9807798345805435
PI10MA,normal,16,0.9701512515058225
PI10MA,normal,17,0.9195313256512055
PI10MA,normal,18,0.9637083062845837
PI10MA,normal,19,0.9592123769338959
TI01NI,easy,0,0.9699602966514346
TI01NI,easy,1,0.9435169627855432
TI01NI,easy,2,1.0
TI01NI,easy,3,0.9779661016949153
TI01NI,easy,4,1.0
TI01NI,easy,5,0.9700149925037481
TI01NI,easy,6,0.930881511161992
TI01NI,easy,7,0.9753208292201382
TI01NI,easy,8,0.9742999616417338
TI01NI,easy,9,0.9683992726816728
TI01NI,easy,10,1.0
TI01NI,easy,11,0.9205756122191365
TI01NI,easy,12,0.9502284436667638
TI01NI,easy,13,0.9723076923076923
TI01NI,easy,14,0.9077620312412935
TI01NI,easy,15,1.0
TI01NI,easy,16,0.8194472062040167
TI01NI,easy,17,0.9558187629253619
TI01NI,easy,18,0.920463674968438
TI01NI,easy,19,0.9800152661161613
TI01NI,hard,0,0.794155454623361
TI01NI,hard,1,0.729869137453434
TI01NI,hard,2,0.9284994330351518
TI01NI,hard,3,0.8716994633273702
TI01NI,hard,4,1.0
TI01NI,hard,5,1.0
TI01NI,hard,6,0.9721830985915493
TI01NI,hard,7,0.9352035932552831
TI01NI,hard,8,1.0
TI01NI,hard,9,1.0
TI01NI,hard,10,0.9579610879491761
TI01NI,hard,11,0.9431553003487244
TI01NI,hard,12,0.8816093014671957
TI01NI,hard,13,0.8805786479982498
TI01NI,hard,14,0.9962391287314895
TI01NI,hard,15,0.966499111138356
TI01NI,hard,16,0.8382860485522082
TI01NI,hard,17,1.0
TI01NI,hard,18,0.9759276018099547
TI01NI,hard,19,1.0
TI01NI,normal,0,0.9241366899282157
TI01NI,normal,1,1.0
TI01NI,normal,2,0.8245327021476557
TI01NI,normal,3,0.9536047445480942
TI01NI,normal,4,0.8983911939034717
TI01NI,normal,5,0.9560422282120395
TI01NI,normal,6,0.8742765355294357
TI01NI,normal,7,0.9171901301473909
TI01NI,normal,8,1.0
TI01NI,normal,9,0.9519574335870747
TI01NI,normal,10,0.9083269671504965
TI01NI,normal,11,0.944795347672445
TI01NI,normal,12,0.930328604776441
TI01NI,normal,13,0.9221409121851599
TI01NI,normal,14,0.927578912439338
TI01NI,normal,15,0.9324
TI01NI,normal,16,0.808752948832669
TI01NI,normal,17,0.9234394089243121
TI01NI,normal,18,0.8348692138654569
TI01NI,normal,19,0.9802311764070433
