1371.5999755859375	-29.300048828125
1326.699951171875	21.5
1347.0999755859375	-14.800048828125
1347.699951171875	-10.199951171875
1355.0	-13.199951171875
1348.9000244140625	-9.9000244140625
1354.300048828125	-7.5
1346.800048828125	-1.4000244140625
1343.300048828125	-1.699951171875
1347.0	-1.699951171875
1351.0999755859375	-4.699951171875
1347.300048828125	-2.5999755859375
1344.0	-9.199951171875
1344.0999755859375	-7.5
1345.4000244140625	-7.300048828125
1353.5	-9.300048828125
1272.4000244140625	81.0999755859375
1278.5999755859375	140.800048828125
1281.0999755859375	135.699951171875
1272.699951171875	144.0
1278.0	144.800048828125
1277.199951171875	144.800048828125
1278.0999755859375	141.300048828125
1280.300048828125	134.5
1276.9000244140625	137.5999755859375
1272.199951171875	146.300048828125
1276.9000244140625	141.0
1280.199951171875	141.9000244140625
1279.300048828125	137.4000244140625
1278.5999755859375	137.800048828125
1275.9000244140625	138.0999755859375
1271.0	137.300048828125
1271.9000244140625	138.699951171875
1266.5	143.0
1267.800048828125	145.5999755859375
1267.4000244140625	140.0
1271.800048828125	137.699951171875
1272.5	139.0999755859375
1270.5999755859375	140.9000244140625
1264.9000244140625	141.5999755859375
1264.4000244140625	142.0
1260.300048828125	142.4000244140625
1260.9000244140625	142.0
1266.4000244140625	137.9000244140625
1269.800048828125	139.0
1268.0	144.0999755859375
1265.800048828125	141.300048828125
1268.800048828125	144.0
1265.0	145.800048828125
1265.0	146.199951171875
1265.699951171875	143.5999755859375
1259.5	147.0
1264.300048828125	144.800048828125
1264.300048828125	147.0999755859375
1263.9000244140625	149.800048828125
1262.4000244140625	148.300048828125
1263.5	144.300048828125
1361.199951171875	200.300048828125
1361.800048828125	249.9000244140625
1373.5	231.0999755859375
1371.300048828125	230.4000244140625
1371.0	234.699951171875
1373.199951171875	232.300048828125
1371.0	237.199951171875
1370.699951171875	235.5999755859375
1373.699951171875	236.0
1373.4000244140625	234.0999755859375
1374.5999755859375	232.5999755859375
1371.699951171875	238.4000244140625
1371.300048828125	237.800048828125
1372.9000244140625	233.5999755859375
1371.699951171875	234.0
1368.5999755859375	236.199951171875
1369.0	239.300048828125
1371.199951171875	235.800048828125
1370.0	236.0
1484.800048828125	218.5
1668.9000244140625	223.0
1714.5999755859375	224.699951171875
1715.9000244140625	222.4000244140625
1715.9000244140625	224.5
1720.300048828125	223.699951171875
1720.9000244140625	226.699951171875
1718.800048828125	229.0
1719.4000244140625	227.800048828125
1721.300048828125	226.0
1719.0999755859375	224.699951171875
1719.800048828125	231.199951171875
1723.199951171875	232.800048828125
1721.4000244140625	233.0999755859375
1720.5	232.699951171875
1719.5	231.199951171875
1721.5999755859375	233.199951171875
1552.800048828125	238.4000244140625
1353.5999755859375	219.199951171875
1379.0	217.300048828125
1368.800048828125	223.9000244140625
1368.800048828125	219.5999755859375
1371.300048828125	218.800048828125
1371.0999755859375	219.9000244140625
1371.699951171875	217.199951171875
1375.199951171875	219.300048828125
1374.5	215.9000244140625
1373.699951171875	217.5
1373.5999755859375	211.199951171875
1375.699951171875	209.0999755859375
1376.5999755859375	208.300048828125
1391.800048828125	266.0999755859375
1540.800048828125	319.0999755859375
1516.300048828125	312.9000244140625
1519.199951171875	308.4000244140625
1514.300048828125	307.0999755859375
1507.5999755859375	316.4000244140625
1507.9000244140625	314.199951171875
1509.300048828125	309.199951171875
1513.199951171875	315.0
1512.5999755859375	312.0999755859375
1511.5	311.5999755859375
1513.300048828125	308.300048828125
1515.0	308.5
1518.0999755859375	310.199951171875
1504.9000244140625	305.800048828125
1282.0	299.5999755859375
1314.9000244140625	279.300048828125
1303.0999755859375	285.5999755859375
1303.0	285.300048828125
1309.0	280.699951171875
1306.5999755859375	283.5999755859375
1307.800048828125	287.5999755859375
1304.5	289.5999755859375
1303.0	288.199951171875
1307.4000244140625	283.300048828125
1304.300048828125	285.199951171875
1302.199951171875	285.800048828125
1302.300048828125	286.300048828125
1304.199951171875	284.5
1304.9000244140625	284.800048828125
1305.699951171875	283.5999755859375
1306.699951171875	284.9000244140625
1306.9000244140625	283.5999755859375
1324.0	283.4000244140625
1414.0999755859375	299.199951171875
1396.199951171875	299.5
1399.5	296.699951171875
1396.699951171875	301.199951171875
1397.300048828125	299.4000244140625
1394.699951171875	299.199951171875
1397.5	298.4000244140625
1400.0	299.5999755859375
1400.800048828125	298.4000244140625
1405.5	296.9000244140625
1406.199951171875	294.0999755859375
1405.800048828125	294.300048828125
1404.199951171875	292.699951171875
1503.300048828125	375.800048828125
1562.800048828125	403.9000244140625
1548.4000244140625	400.0
1547.5	399.199951171875
1548.0999755859375	396.199951171875
1552.699951171875	392.300048828125
1554.199951171875	383.5999755859375
1555.4000244140625	383.800048828125
1554.5999755859375	386.9000244140625
1553.699951171875	387.0999755859375
1553.5999755859375	382.9000244140625
1552.0999755859375	392.5999755859375
1551.300048828125	381.800048828125
1552.800048828125	384.5
1552.300048828125	392.199951171875
1441.0999755859375	413.9000244140625
1418.699951171875	419.2999877929688
1419.0	414.300048828125
1417.5	414.300048828125
1417.300048828125	422.2000122070313
1417.5	422.7000122070313
1420.699951171875	421.5
1424.199951171875	421.7000122070313
1426.300048828125	419.9000244140625
1419.0999755859375	420.2999877929688
1424.800048828125	415.699951171875
1420.5999755859375	413.699951171875
1385.199951171875	459.0
1371.699951171875	573.5
1374.9000244140625	563.4000244140625
1373.0	568.9000244140625
1375.300048828125	565.5999755859375
1377.4000244140625	567.2999877929688
1380.9000244140625	556.2000122070312
1379.0999755859375	556.2999877929688
1378.4000244140625	557.2000122070312
1380.300048828125	556.7999877929688
1381.300048828125	560.0999755859375
1381.5999755859375	559.7000122070312
1377.800048828125	555.2000122070312
1375.800048828125	558.4000244140625
1375.5999755859375	559.2999877929688
1374.300048828125	557.2999877929688
1375.800048828125	554.2000122070312
1372.5999755859375	560.5999755859375
1371.300048828125	563.5
1373.5	560.4000244140625
1373.800048828125	557.2000122070312
1379.9000244140625	553.7000122070312
1379.4000244140625	551.2999877929688
1377.699951171875	557.2000122070312
1370.699951171875	559.2000122070312
1374.5	555.7000122070312
1374.0	554.4000244140625
1373.5	554.0
1374.5	549.0999755859375
1374.0999755859375	550.7999877929688
1375.4000244140625	549.5
1373.0999755859375	546.0999755859375
1370.5999755859375	545.4000244140625
1372.800048828125	545.5
1372.5	543.5999755859375
1376.0999755859375	541.4000244140625
1380.800048828125	537.2999877929688
1402.5999755859375	500.7999877929688
1406.199951171875	475.4000244140625
1380.300048828125	293.5999755859375
1000.9000244140624	101.9000244140625
946.0999755859376	129.699951171875
1382.5	289.0
1408.5999755859375	373.800048828125
1402.4000244140625	404.5
1407.800048828125	402.5999755859375
1403.9000244140625	411.199951171875
1403.5	423.5999755859375
1408.9000244140625	420.7000122070313
1407.800048828125	418.2000122070313
1408.4000244140625	411.9000244140625
1405.300048828125	419.7999877929688
1405.9000244140625	422.7999877929688
1406.4000244140625	423.2000122070313
1404.4000244140625	425.5999755859375
1358.5	516.9000244140625
1369.800048828125	562.0
1365.9000244140625	553.5999755859375
1371.0999755859375	549.7000122070312
1365.0999755859375	561.2000122070312
1368.199951171875	560.9000244140625
1368.800048828125	561.4000244140625
1366.199951171875	565.5999755859375
1363.5999755859375	564.7999877929688
1368.0999755859375	563.7999877929688
1369.699951171875	560.5
1372.4000244140625	557.7999877929688
1375.4000244140625	554.7000122070312
1375.5	558.2999877929688
1377.199951171875	557.7000122070312
1374.699951171875	559.4000244140625
1373.0	558.7999877929688
1372.0999755859375	560.4000244140625
1374.199951171875	561.0
1376.199951171875	556.2000122070312
1374.9000244140625	554.2999877929688
1376.4000244140625	559.5
1373.699951171875	560.5
1371.0999755859375	554.4000244140625
1371.199951171875	552.7000122070312
1366.800048828125	555.2999877929688
1367.0	554.2999877929688
1371.9000244140625	557.7000122070312
1372.4000244140625	553.5999755859375
1376.9000244140625	556.0999755859375
1377.199951171875	561.2999877929688
1378.0	567.0999755859375
1377.4000244140625	568.0
1381.0999755859375	567.5999755859375
1373.9000244140625	565.2000122070312
1374.0999755859375	561.0
1374.5	556.4000244140625
1377.0	555.7999877929688
1377.4000244140625	551.9000244140625
1353.5999755859375	560.2999877929688
1280.4000244140625	614.5
1286.0999755859375	609.2999877929688
1284.5999755859375	608.2000122070312
1282.9000244140625	608.4000244140625
1283.0	605.5
1284.4000244140625	601.0
1284.199951171875	600.7000122070312
1285.4000244140625	600.2999877929688
1286.300048828125	598.5
1284.9000244140625	597.0
1279.0	596.4000244140625
1288.0999755859375	594.0999755859375
1286.300048828125	595.5999755859375
1282.300048828125	592.9000244140625
1356.0	593.2999877929688
1365.5	590.9000244140625
1378.5	586.7000122070312
1372.800048828125	590.5999755859375
1369.5	589.2000122070312
1377.4000244140625	587.7999877929688
1380.4000244140625	583.7000122070312
1383.4000244140625	583.2999877929688
1383.199951171875	582.5
1387.0999755859375	580.7000122070312
1386.4000244140625	577.0999755859375
1387.0999755859375	577.2000122070312
1388.199951171875	576.0999755859375
1386.5	577.0
1386.5999755859375	578.7999877929688
1388.4000244140625	575.2000122070312
1366.9000244140625	551.7999877929688
1374.0999755859375	556.4000244140625
1377.199951171875	556.5999755859375
1379.199951171875	555.7000122070312
1380.5	558.2999877929688
1380.4000244140625	554.2000122070312
1382.199951171875	554.7999877929688
1382.199951171875	555.9000244140625
1383.4000244140625	556.5999755859375
1387.0999755859375	551.2999877929688
1387.0999755859375	551.2000122070312
1358.0	552.2999877929688
1236.800048828125	596.0
1266.4000244140625	586.2000122070312
1262.5	588.2999877929688
1263.0	590.4000244140625
1265.699951171875	588.2000122070312
1262.699951171875	590.0999755859375
1262.0	591.0999755859375
1261.699951171875	592.5999755859375
1265.0	588.0999755859375
1269.0999755859375	588.9000244140625
1266.9000244140625	593.2000122070312
1303.4000244140625	591.0
1451.9000244140625	588.2999877929688
1405.5999755859375	584.7000122070312
1410.5999755859375	584.5999755859375
1416.5	581.7000122070312
1415.199951171875	581.5999755859375
1417.9000244140625	583.2000122070312
1420.5	585.7000122070312
1420.0	586.0999755859375
1415.9000244140625	585.7000122070312
1416.800048828125	593.0999755859375
1419.0999755859375	593.5999755859375
1421.699951171875	592.4000244140625
1423.9000244140625	588.5
1423.199951171875	586.5999755859375
1424.5999755859375	586.7000122070312
1422.300048828125	589.2000122070312
1421.300048828125	589.4000244140625
1424.0999755859375	587.0999755859375
1395.800048828125	584.0
1414.4000244140625	583.5999755859375
1411.9000244140625	585.0
1414.0999755859375	584.2999877929688
1412.699951171875	583.9000244140625
1409.199951171875	582.5999755859375
1410.0999755859375	584.0
1408.800048828125	584.7000122070312
1409.199951171875	583.2999877929688
1410.0	576.0
1411.300048828125	578.0999755859375
1413.699951171875	579.0
1414.5999755859375	579.2000122070312
1416.9000244140625	573.5999755859375
1414.5999755859375	569.4000244140625
1411.5	571.5999755859375
1410.699951171875	568.7999877929688
1414.0	569.2000122070312
1415.0	574.7999877929688
1419.199951171875	565.2000122070312
1414.5	566.0999755859375
1419.0	560.7999877929688
1421.0	567.9000244140625
1425.5999755859375	570.0999755859375
1420.5	570.2999877929688
1422.5999755859375	564.2000122070312
1421.5999755859375	563.5999755859375
1422.4000244140625	593.7999877929688
1425.199951171875	582.0
1423.199951171875	578.5
1422.5	577.9000244140625
1424.9000244140625	577.2999877929688
1428.300048828125	579.9000244140625
1427.4000244140625	584.9000244140625
1430.800048828125	580.5
1429.4000244140625	578.0
1425.4000244140625	584.5
1431.5	585.0
1435.5	580.5999755859375
1433.800048828125	572.0
1432.4000244140625	577.2999877929688
1433.699951171875	572.4000244140625
1436.300048828125	571.7999877929688
1433.5999755859375	575.0
1431.9000244140625	574.2999877929688
1433.0999755859375	574.7000122070312
1435.199951171875	574.2000122070312
1436.5	574.2999877929688
1439.300048828125	573.5
1441.199951171875	573.7999877929688
1443.0	570.9000244140625
1442.0	571.7999877929688
1441.5	571.5999755859375
1439.0	576.2000122070312
1431.0	598.0
1435.300048828125	661.0
1442.0	649.2999877929688
1439.5999755859375	649.2000122070312
1445.9000244140625	649.5999755859375
1444.5999755859375	654.2999877929688
1445.0999755859375	651.2000122070312
1447.699951171875	646.7999877929688
1447.800048828125	647.4000244140625
1447.699951171875	653.0
1445.4000244140625	648.2000122070312
1441.699951171875	647.0
1443.800048828125	649.4000244140625
1446.0	644.9000244140625
1540.699951171875	742.4000244140625
1548.199951171875	751.7999877929688
1551.199951171875	751.2000122070312
1551.5	750.4000244140625
1550.5	745.0999755859375
1550.199951171875	750.5
1552.300048828125	755.2999877929688
1553.800048828125	751.0999755859375
1552.5999755859375	761.9000244140625
1548.4000244140625	759.7999877929688
1549.5999755859375	752.4000244140625
1551.199951171875	745.0
1550.300048828125	753.5999755859375
1551.0999755859375	751.9000244140625
1549.699951171875	749.2000122070312
1549.9000244140625	750.0
1547.800048828125	748.5
1546.9000244140625	745.7999877929688
1548.699951171875	745.5999755859375
1549.4000244140625	744.2000122070312
1549.800048828125	747.2000122070312
1544.4000244140625	749.4000244140625
1546.0	753.4000244140625
1546.199951171875	755.2000122070312
1547.4000244140625	756.2999877929688
1550.199951171875	749.4000244140625
1548.0999755859375	755.9000244140625
1549.4000244140625	753.7999877929688
1549.0	745.0999755859375
1545.199951171875	744.5999755859375
1545.300048828125	742.2000122070312
1543.4000244140625	750.5999755859375
1492.0999755859375	845.0999755859375
1525.0999755859375	886.5999755859375
1524.300048828125	883.4000244140625
1527.0	884.2000122070312
1528.800048828125	885.4000244140625
1530.300048828125	882.2999877929688
1530.0999755859375	880.7999877929688
1529.5	877.9000244140625
1529.699951171875	876.5999755859375
1530.199951171875	878.2000122070312
1527.5999755859375	873.7000122070312
1529.0	873.9000244140625
1529.5	876.5
1532.5	869.2999877929688
1532.9000244140625	873.4000244140625
1532.4000244140625	872.9000244140625
1532.199951171875	870.5999755859375
1418.199951171875	824.4000244140625
1408.699951171875	770.4000244140625
1407.0999755859375	784.2999877929688
1407.4000244140625	777.0999755859375
1402.5	785.5999755859375
1401.4000244140625	784.2000122070312
1399.5999755859375	786.5999755859375
1402.800048828125	786.5999755859375
1404.800048828125	786.7999877929688
1408.0999755859375	788.0
1410.5999755859375	782.0999755859375
1405.9000244140625	780.7000122070312
1405.800048828125	782.4000244140625
1404.0	782.5999755859375
1401.699951171875	788.9000244140625
1407.300048828125	787.9000244140625
1409.0	785.4000244140625
1408.300048828125	779.2000122070312
1404.0999755859375	778.9000244140625
1402.4000244140625	782.5999755859375
1405.0	783.0999755859375
1066.300048828125	838.5999755859375
755.5	870.7999877929688
747.2000122070312	872.0999755859375
730.9000244140625	875.0
737.0999755859375	874.2999877929688
734.2999877929688	870.5999755859375
739.2999877929688	868.0
739.9000244140625	871.2999877929688
740.4000244140625	871.0999755859375
741.7999877929688	870.2000122070312
744.2000122070312	873.0999755859375
741.0999755859375	869.7999877929688
738.2999877929688	869.7999877929688
740.4000244140625	869.5999755859375
859.2000122070312	860.2000122070312
1272.800048828125	876.0
1344.5	868.0
1377.0999755859375	877.2000122070312
1379.699951171875	872.4000244140625
1374.0	871.5999755859375
1375.300048828125	879.7000122070312
1374.0	877.7999877929688
1378.800048828125	876.7999877929688
1379.9000244140625	881.7999877929688
1381.699951171875	879.2000122070312
1382.300048828125	877.4000244140625
1382.0999755859375	875.7000122070312
1379.300048828125	874.7999877929688
1379.699951171875	880.2000122070312
1372.0999755859375	873.7000122070312
1079.0	827.5999755859375
892.5	834.4000244140625
914.5999755859376	830.7999877929688
908.0	829.0
908.0	830.2000122070312
905.0	827.5999755859375
907.2000122070312	828.5999755859375
917.4000244140624	826.4000244140625
920.7000122070312	830.0
919.0	832.5
1276.699951171875	792.4000244140625
1334.199951171875	788.7000122070312
1360.0	794.5
1357.699951171875	790.4000244140625
1363.5999755859375	781.0
1364.5999755859375	783.2999877929688
1358.0	788.4000244140625
1362.4000244140625	791.2999877929688
1368.0	792.7000122070312
1366.4000244140625	790.2000122070312
1369.199951171875	788.0999755859375
1386.4000244140625	765.9000244140625
1391.5	745.5
1388.800048828125	747.0999755859375
1394.0	744.2000122070312
1394.5999755859375	739.2999877929688
1398.5999755859375	740.7000122070312
1392.800048828125	743.2000122070312
1388.699951171875	739.0999755859375
1387.300048828125	739.5999755859375
1388.199951171875	737.9000244140625
1388.199951171875	738.4000244140625
1385.5	735.2000122070312
1388.800048828125	737.0
1390.199951171875	738.7000122070312
1388.699951171875	734.9000244140625
1384.800048828125	735.5
1382.9000244140625	737.2000122070312
1385.0	735.5
1384.4000244140625	731.7999877929688
1248.699951171875	758.7000122070312
1265.0999755859375	753.2000122070312
1267.699951171875	749.7999877929688
1266.300048828125	749.2999877929688
1260.5999755859375	750.0
1266.0999755859375	754.0999755859375
1267.4000244140625	746.2999877929688
1269.9000244140625	748.7000122070312
1272.4000244140625	747.2000122070312
1269.4000244140625	748.2999877929688
1267.800048828125	743.2000122070312
1270.300048828125	742.5
1268.5	743.4000244140625
1267.5	737.2000122070312
1297.5999755859375	820.9000244140625
1295.199951171875	813.5
1298.4000244140625	818.7000122070312
1299.5999755859375	819.0
1300.5999755859375	815.7000122070312
1301.5999755859375	815.0999755859375
1298.0	822.2000122070312
1296.9000244140625	812.2000122070312
1295.4000244140625	813.7999877929688
1293.0	810.4000244140625
1296.5999755859375	809.7999877929688
1300.4000244140625	811.0
1296.4000244140625	812.5
1302.9000244140625	813.5
1299.800048828125	813.7000122070312
1305.300048828125	815.0
1300.199951171875	813.0
1300.0	803.7999877929688
1292.800048828125	810.0999755859375
1295.199951171875	805.9000244140625
1297.5	808.4000244140625
1299.9000244140625	812.0
1296.300048828125	810.5999755859375
1297.5	808.7000122070312
1300.0	810.4000244140625
1301.0	806.5999755859375
1304.0999755859375	805.5
1306.5999755859375	803.7999877929688
1304.0	808.7000122070312
1301.699951171875	806.7999877929688
1303.5	811.2999877929688
1483.5999755859375	830.5999755859375
1773.699951171875	840.2999877929688
1728.0999755859375	836.7999877929688
1745.5	832.0
1746.300048828125	832.5
1748.4000244140625	833.5999755859375
1747.800048828125	831.2000122070312
1749.0999755859375	828.7999877929688
1756.9000244140625	833.0999755859375
1750.800048828125	829.2999877929688
1740.0	829.0999755859375
1386.0999755859375	848.0999755859375
1047.0999755859375	853.7000122070312
1023.9000244140624	836.7000122070312
993.0999755859376	843.5999755859375
1003.9000244140624	829.7000122070312
1004.2000122070312	829.0
1005.0999755859376	826.7000122070312
1010.0999755859376	823.4000244140625
1013.4000244140624	824.0999755859375
1015.7999877929688	824.4000244140625
1012.7999877929688	827.9000244140625
1010.5999755859376	829.9000244140625
1006.2999877929688	827.2000122070312
1005.9000244140624	833.0
1006.4000244140624	830.4000244140625
1011.2000122070312	826.0999755859375
1201.4000244140625	867.7999877929688
1549.5999755859375	904.5
1594.5	901.0
1612.5	904.9000244140624
1615.5	910.2999877929688
1619.0999755859375	912.2000122070312
1623.4000244140625	920.2000122070312
1628.9000244140625	916.5
1627.9000244140625	911.5999755859376
1622.5	913.5999755859376
1620.5	915.2999877929688
1621.4000244140625	912.0999755859376
1623.800048828125	908.9000244140624
1622.5999755859375	908.2000122070312
1857.199951171875	941.3999938964844
1875.0	955.0
1879.699951171875	955.3999938964844
1880.4000244140625	955.7000122070312
1882.699951171875	953.2000122070312
1883.4000244140625	959.5
1883.4000244140625	959.6000061035156
1884.199951171875	952.7999877929688
1882.0999755859373	953.5
1883.5	959.0
1885.0999755859373	960.2000122070312
1884.0999755859373	961.3999938964844
1885.0	957.5
1885.9000244140625	954.2999877929688
1881.199951171875	950.1000061035156
1663.699951171875	965.1000061035156
1347.199951171875	992.3999938964844
1339.199951171875	985.2000122070312
1318.9000244140625	989.5
1321.300048828125	978.2000122070312
1325.5	973.0
1326.5999755859375	971.3999938964844
1326.5	970.7999877929688
1326.0999755859375	974.7999877929688
1324.5999755859375	975.1000061035156
1329.5999755859375	970.2000122070312
1328.800048828125	971.8999938964844
1330.300048828125	966.3999938964844
1314.300048828125	973.7999877929688
1014.5	902.2999877929688
1014.4000244140624	877.2999877929688
990.4000244140624	881.0999755859375
995.2000122070312	882.7000122070312
998.2000122070312	883.2000122070312
997.2999877929688	884.7000122070312
998.0999755859376	884.2999877929688
996.9000244140624	884.2999877929688
999.7000122070312	885.2999877929688
1000.2999877929688	885.2000122070312
1002.7000122070312	884.4000244140625
1009.5	881.5999755859375
1001.0999755859376	885.7000122070312
1005.0999755859376	878.0
999.0999755859376	885.2999877929688
1003.0	880.9000244140625
1006.7000122070312	880.2000122070312
1000.4000244140624	887.0
1220.699951171875	865.7999877929688
1213.0999755859375	862.9000244140625
1245.300048828125	858.5999755859375
1244.5	855.2000122070312
1236.0999755859375	859.4000244140625
1242.5999755859375	855.2000122070312
1244.5999755859375	851.7999877929688
1242.199951171875	856.0999755859375
1246.699951171875	834.5999755859375
1249.5	835.2000122070312
1138.699951171875	659.0999755859375
907.9000244140624	463.5999755859375
804.2999877929688	467.9000244140625
767.0	716.9000244140625
1077.199951171875	841.5
1101.0999755859375	911.0999755859376
1104.5	924.5999755859376
1113.4000244140625	919.2000122070312
1108.199951171875	921.2000122070312
1109.4000244140625	924.0
1112.9000244140625	920.4000244140624
1106.5	918.5999755859376
1107.0999755859375	917.5
1109.5999755859375	917.9000244140624
1112.0	916.0999755859376
1108.4000244140625	922.4000244140624
1108.199951171875	923.9000244140624
1107.5	922.5999755859376
1012.2999877929688	918.2000122070312
1004.0999755859376	922.7999877929688
998.9000244140624	929.7000122070312
1000.4000244140624	925.0
1001.4000244140624	924.5
1002.0	923.2000122070312
996.0	929.3999938964844
999.7999877929688	928.7000122070312
1001.4000244140624	924.5
999.7000122070312	921.0999755859376
1004.9000244140624	920.2999877929688
1002.4000244140624	919.5
1003.4000244140624	915.4000244140624
1002.5999755859376	915.9000244140624
1006.5	919.4000244140624
1005.7000122070312	924.2999877929688
1006.7000122070312	920.7999877929688
1051.300048828125	841.5
1032.0999755859375	852.9000244140625
1034.300048828125	848.7000122070312
1034.800048828125	845.5
1036.199951171875	844.5
1038.9000244140625	848.7000122070312
1046.5999755859375	842.2000122070312
1048.9000244140625	840.7000122070312
1041.0999755859375	842.7000122070312
1043.699951171875	848.5999755859375
1136.9000244140625	826.7999877929688
1176.5	789.0
1175.0999755859375	797.7000122070312
1170.5	797.5999755859375
1175.0999755859375	802.9000244140625
1174.800048828125	800.7999877929688
1177.4000244140625	796.0
1173.9000244140625	794.7999877929688
1174.199951171875	793.5
1168.5	793.0
1166.0	799.4000244140625
1165.5999755859375	791.9000244140625
1165.9000244140625	793.2000122070312
1166.4000244140625	794.0999755859375
1163.800048828125	789.4000244140625
1161.5999755859375	791.0
1035.800048828125	836.5999755859375
1071.800048828125	819.5999755859375
1070.699951171875	820.4000244140625
1072.300048828125	821.0
1069.0	817.5999755859375
1065.0999755859375	822.7000122070312
1065.0	822.4000244140625
1064.699951171875	822.7000122070312
1070.5	820.0
1071.199951171875	820.5
1067.699951171875	823.2999877929688
1065.800048828125	825.2000122070312
1073.5999755859375	821.7000122070312
1075.699951171875	823.7999877929688
1077.5999755859375	819.0
1079.5999755859375	819.7999877929688
1077.5	820.2000122070312
1079.5999755859375	822.9000244140625
1080.5	821.5
1078.5999755859375	824.5999755859375
1076.699951171875	826.0999755859375
1070.0999755859375	833.5999755859375
1061.0	836.7000122070312
1066.5	830.2999877929688
1060.0	830.7999877929688
1059.5	831.7999877929688
1059.5999755859375	834.7000122070312
1060.9000244140625	830.0999755859375
1063.0	833.5999755859375
1060.5999755859375	835.5
1062.4000244140625	839.4000244140625
1066.300048828125	830.5999755859375
1025.0999755859375	873.2000122070312
1026.800048828125	885.7999877929688
1026.5	882.7000122070312
1026.9000244140625	881.2000122070312
1026.199951171875	883.0999755859375
1023.7000122070312	883.2999877929688
1027.300048828125	879.5999755859375
1024.4000244140625	881.9000244140625
1020.5	882.0999755859375
1028.0	876.2999877929688
1028.199951171875	875.7000122070312
1021.7999877929688	877.5
1017.2999877929688	884.2999877929688
1021.0999755859376	876.5999755859375
1020.2000122070312	879.4000244140625
1015.2000122070312	873.0
1018.0	877.9000244140625
1014.7000122070312	879.0
1023.5999755859376	879.2999877929688
1025.199951171875	880.5
1019.9000244140624	880.0
1022.5	880.0
1021.7000122070312	883.5999755859375
1021.7000122070312	881.0999755859375
1023.5	884.7999877929688
1024.9000244140625	883.5
1024.5	879.9000244140625
1026.5	882.0
1027.300048828125	885.5
1028.199951171875	879.9000244140625
1035.300048828125	878.2000122070312
1025.5	890.0
1030.0	883.0
1036.0	877.4000244140625
1019.5	887.4000244140625
1028.699951171875	885.9000244140625
1029.5	883.5
1031.9000244140625	877.9000244140625
1031.4000244140625	879.0999755859375
1026.800048828125	884.0999755859375
1029.0	887.0999755859375
1030.199951171875	884.2999877929688
1031.5	885.5
1037.5999755859375	875.0999755859375
1036.9000244140625	883.0999755859375
1009.5	961.1000061035156
1025.199951171875	957.2999877929688
1035.9000244140625	957.8999938964844
1035.199951171875	950.3999938964844
1028.300048828125	952.2000122070312
1025.199951171875	952.1000061035156
1024.800048828125	955.8999938964844
1029.5999755859375	944.8999938964844
1031.199951171875	946.7000122070312
1033.5999755859375	950.0
1035.699951171875	947.7999877929688
1035.300048828125	945.6000061035156
1029.5999755859375	950.7000122070312
1026.199951171875	943.8999938964844
1028.800048828125	947.2999877929688
1029.300048828125	949.2000122070312
1029.699951171875	952.0
1024.5999755859375	1061.7999877929688
1037.9000244140625	1054.2999877929688
1031.9000244140625	1056.1000061035156
1036.0999755859375	1054.6000061035156
1033.0	1052.5
1029.9000244140625	1054.5
1025.5999755859375	1056.1000061035156
1025.0999755859375	1058.0
1029.4000244140625	1056.0
1028.9000244140625	1054.2000122070312
1027.800048828125	1053.3999938964844
1029.800048828125	1049.5
1026.699951171875	1049.7999877929688
1028.0999755859375	1050.5
1026.5	1051.7999877929688
1027.5999755859375	1049.5
1030.300048828125	1053.0
1027.5999755859375	1052.7000122070312
1028.5	1048.2999877929688
1028.800048828125	1047.7000122070312
1028.300048828125	1046.2999877929688
1025.5999755859375	1050.6000061035156
1028.699951171875	1051.2000122070312
1026.5	1054.2000122070312
1025.5999755859375	1051.6000061035156
1023.7000122070312	1046.7999877929688
1023.7000122070312	1050.8999938964844
1026.0	1048.2999877929688
1024.5999755859375	1052.2999877929688
1032.0	1048.7999877929688
1033.199951171875	1057.7999877929688
1028.300048828125	1058.6000061035156
1026.699951171875	1058.0
1029.0999755859375	1056.8999938964844
1033.0	1055.5
1029.300048828125	1057.2999877929688
1030.300048828125	1061.2999877929688
1030.4000244140625	1059.2000122070312
1029.300048828125	1058.3999938964844
1030.699951171875	1063.0
1027.4000244140625	1062.6000061035156
1026.199951171875	1065.2999877929688
1030.5999755859375	1064.2000122070312
1030.300048828125	1063.2999877929688
1029.199951171875	1064.5
1026.9000244140625	1061.7999877929688
1026.800048828125	1070.1000061035156
1027.699951171875	1071.5
1027.0	1065.2999877929688
1025.0	1066.7000122070312
1028.300048828125	1070.2999877929688
1029.5999755859375	1072.7999877929688
1029.5	1073.5
1029.300048828125	1081.3999938964844
1028.0999755859375	1077.2999877929688
1033.9000244140625	1077.3999938964844
1033.0999755859375	1083.2999877929688
1040.199951171875	1075.1000061035156
1048.0999755859375	1084.5
1136.0999755859375	1047.1000061035156
1127.300048828125	1046.8999938964844
1124.699951171875	1049.2999877929688
1120.9000244140625	1050.1000061035156
1127.5	1045.7999877929688
1131.0999755859375	1049.5
1127.4000244140625	1056.0
1124.0	1061.6000061035156
1128.0	1051.8999938964844
1124.300048828125	1050.6000061035156
1126.5	1045.0
1126.5	1048.7999877929688
1131.4000244140625	1044.7000122070312
1126.0	1045.7999877929688
1129.199951171875	1047.2000122070312
1136.199951171875	1042.2999877929688
1128.800048828125	1043.8999938964844
1130.300048828125	1045.7000122070312
1128.800048828125	1048.3999938964844
1127.199951171875	1049.8999938964844
1125.800048828125	1046.3999938964844
1207.5999755859375	1072.7000122070312
1205.5	1062.2000122070312
1205.0	1058.5
1206.0	1059.1000061035156
1203.9000244140625	1068.3999938964844
1203.5	1068.6000061035156
1205.0	1063.2000122070312
1202.199951171875	1063.5
1165.0	1103.3999938964844
1185.5999755859375	1127.7000122070312
1169.300048828125	1128.5
1170.0	1128.2999877929688
1176.5999755859375	1122.3999938964844
1172.699951171875	1126.6000061035156
1171.0999755859375	1128.7999877929688
1170.300048828125	1125.7000122070312
1172.800048828125	1128.3999938964844
1174.800048828125	1126.7000122070312
1174.699951171875	1127.2000122070312
1174.4000244140625	1123.8999938964844
1170.800048828125	1127.6000061035156
1168.5999755859375	1129.6000061035156
1169.300048828125	1127.7999877929688
1170.300048828125	1131.8999938964844
1172.9000244140625	1137.6000061035156
1173.5	1134.2000122070312
1173.0	1128.3999938964844
1175.9000244140625	1128.5
1172.300048828125	1135.5
1175.699951171875	1134.2000122070312
1176.9000244140625	1134.2000122070312
1176.4000244140625	1133.7999877929688
1217.0999755859375	1158.2999877929688
1234.9000244140625	1162.2999877929688
1229.699951171875	1163.1000061035156
1233.0999755859375	1163.6000061035156
1230.9000244140625	1165.8999938964844
1238.699951171875	1159.1000061035156
1233.0999755859375	1161.8999938964844
1231.199951171875	1166.3999938964844
1227.800048828125	1167.7999877929688
1230.0	1162.7000122070312
1229.300048828125	1164.1000061035156
1225.5	1167.0
1227.800048828125	1162.0
1228.0999755859375	1161.2999877929688
1226.0999755859375	1162.0
1223.300048828125	1232.6000061035156
1228.199951171875	1225.5
1217.800048828125	1229.8999938964844
1224.5999755859375	1221.8999938964844
1228.5999755859375	1220.8999938964844
1223.5	1219.3999938964844
1218.800048828125	1218.5
1219.800048828125	1217.8999938964844
1220.5999755859375	1218.1999969482422
1221.4000244140625	1217.0
1220.800048828125	1216.3000030517578
1221.9000244140625	1217.6000061035156
1218.199951171875	1213.6000061035156
1219.4000244140625	1211.3999938964844
1217.0999755859375	1209.8999938964844
1216.9000244140625	1210.1999969482422
1213.9000244140625	1213.6000061035156
1212.300048828125	1215.1000061035156
1199.300048828125	1222.0
1192.199951171875	1264.0
1194.5999755859375	1253.1999969482422
1194.4000244140625	1257.3999938964844
1192.5	1259.6999969482422
1189.800048828125	1265.8000030517578
1192.199951171875	1265.6000061035156
1193.5999755859375	1261.1000061035156
1193.699951171875	1257.8000030517578
1192.800048828125	1259.6000061035156
1193.0	1258.5
1192.9000244140625	1264.1999969482422
1194.0999755859375	1260.3000030517578
1195.5999755859375	1258.1000061035156
1195.4000244140625	1259.6999969482422
1194.9000244140625	1259.5
1194.800048828125	1251.8000030517578
1193.699951171875	1252.5
1195.699951171875	1254.8999938964844
1197.0999755859375	1291.1000061035156
1191.4000244140625	1301.6000061035156
1188.5999755859375	1297.3999938964844
1190.4000244140625	1297.5
1189.199951171875	1296.3999938964844
1190.9000244140625	1298.0
1194.699951171875	1297.3999938964844
950.2999877929688	1373.3000030517578
802.4000244140625	1375.3000030517578
830.4000244140625	1366.599998474121
827.5	1361.900001525879
828.7000122070312	1354.3000030517578
831.0999755859375	1354.8000030517578
830.2999877929688	1355.5
830.0	1351.1999969482422
830.0	1352.6999969482422
826.7999877929688	1352.099998474121
827.7999877929688	1352.599998474121
827.0	1356.599998474121
828.0999755859375	1358.0
849.5	1355.0
1178.0999755859375	1299.1000061035156
1172.5	1288.8000030517578
1196.199951171875	1294.6999969482422
1198.9000244140625	1294.6999969482422
1202.9000244140625	1285.3000030517578
1203.5	1285.8999938964844
1202.0	1288.3999938964844
1198.4000244140625	1288.3000030517578
1202.5	1285.6000061035156
1209.0999755859375	1285.0
1210.5	1283.0
1210.699951171875	1281.3000030517578
1212.5999755859375	1279.6999969482422
1211.0	1278.6000061035156
1214.300048828125	1280.8000030517578
1214.800048828125	1277.8000030517578
1218.4000244140625	1276.8000030517578
1216.5999755859375	1275.8000030517578
1218.4000244140625	1277.8000030517578
1218.9000244140625	1271.6000061035156
1219.800048828125	1271.3000030517578
1218.9000244140625	1272.6999969482422
1218.800048828125	1272.5
1246.800048828125	1279.1000061035156
1240.699951171875	1288.6999969482422
1245.300048828125	1279.5
1245.9000244140625	1281.6000061035156
1244.4000244140625	1283.6999969482422
1246.4000244140625	1283.0
1248.199951171875	1285.5
1250.0	1283.5
1249.4000244140625	1284.8000030517578
1252.0	1276.6000061035156
1250.5	1278.0
1252.699951171875	1278.8000030517578
1251.699951171875	1280.0
1251.9000244140625	1279.5
1256.800048828125	1278.5
1273.5999755859375	1317.6999969482422
1268.199951171875	1315.6999969482422
1265.9000244140625	1314.5
1265.0999755859375	1313.099998474121
1266.4000244140625	1316.599998474121
1264.199951171875	1318.400001525879
1268.0	1320.8000030517578
1269.0999755859375	1315.400001525879
1269.4000244140625	1314.5
1271.800048828125	1312.8000030517578
1268.199951171875	1313.3000030517578
1269.800048828125	1315.8000030517578
1455.9000244140625	1316.599998474121
1701.300048828125	1332.0
1654.9000244140625	1333.3000030517578
1667.0	1329.8000030517578
1672.0	1326.8000030517578
1670.5	1326.400001525879
1671.4000244140625	1324.5
1672.800048828125	1325.0
1674.300048828125	1317.6999969482422
1677.5999755859375	1319.400001525879
1680.4000244140625	1324.0
1676.800048828125	1324.3000030517578
1677.5999755859375	1330.400001525879
1677.199951171875	1330.1999969482422
1675.699951171875	1320.0
1680.199951171875	1320.599998474121
1554.800048828125	1301.0
1346.699951171875	1294.1000061035156
1366.4000244140625	1304.1999969482422
1361.0	1291.3999938964844
1363.9000244140625	1291.5
1365.5	1292.6000061035156
1368.199951171875	1283.6999969482422
1369.5	1286.8000030517578
1368.0	1294.6000061035156
1367.199951171875	1294.3999938964844
1368.800048828125	1294.5
1370.800048828125	1290.8999938964844
1374.5999755859375	1287.6000061035156
1369.300048828125	1293.8000030517578
1372.199951171875	1283.8999938964844
1370.5	1282.6999969482422
1374.699951171875	1276.1999969482422
1357.300048828125	1284.6000061035156
1248.0999755859375	1332.0
1259.0999755859375	1327.5
1260.9000244140625	1318.099998474121
1263.300048828125	1321.099998474121
1261.9000244140625	1324.3000030517578
1258.800048828125	1320.6999969482422
1259.0	1325.1999969482422
1259.4000244140625	1322.3000030517578
1260.4000244140625	1320.900001525879
1261.5	1319.400001525879
1260.800048828125	1321.5
1331.9000244140625	1339.1999969482422
1618.5	1366.6999969482422
1708.0	1355.400001525879
1715.0	1363.900001525879
1717.199951171875	1364.900001525879
1716.199951171875	1368.6999969482422
1718.9000244140625	1366.1999969482422
1718.199951171875	1358.6999969482422
1719.0999755859375	1360.1999969482422
1719.199951171875	1366.0
1717.5999755859375	1362.5
1718.699951171875	1362.400001525879
1718.5	1361.099998474121
1363.800048828125	1388.2000007629397
1241.4000244140625	1360.099998474121
1239.0999755859375	1378.5
1244.0999755859375	1362.900001525879
1243.9000244140625	1366.1999969482422
1245.300048828125	1369.3000030517578
1243.5999755859375	1366.1999969482422
1240.0	1368.0
1243.5	1357.5
1245.5999755859375	1357.5
1245.800048828125	1357.8000030517578
1240.4000244140625	1371.0
1241.0999755859375	1366.0
1243.5999755859375	1363.5
1247.9000244140625	1356.1999969482422
1250.800048828125	1350.6999969482422
1250.800048828125	1351.1999969482422
1250.9000244140625	1351.400001525879
1253.199951171875	1351.400001525879
1250.4000244140625	1358.1999969482422
1251.4000244140625	1353.900001525879
1253.800048828125	1354.900001525879
1254.800048828125	1353.0
1253.199951171875	1353.3000030517578
1251.699951171875	1355.0
1254.5999755859375	1351.5
1255.5	1350.099998474121
1255.0999755859375	1351.6999969482422
1254.5	1354.3000030517578
1257.0999755859375	1352.5
1259.699951171875	1345.8000030517578
1256.4000244140625	1348.0
1255.699951171875	1346.900001525879
1256.699951171875	1341.0
1255.0999755859375	1340.900001525879
1257.5999755859375	1338.0
1252.5999755859375	1345.900001525879
1256.5	1337.1999969482422
1257.9000244140625	1339.8000030517578
1256.5	1342.5
1256.0999755859375	1339.0
1254.699951171875	1346.099998474121
1255.699951171875	1343.8000030517578
1258.5	1343.5
1255.0999755859375	1338.5
1250.0999755859375	1347.8000030517578
1252.5999755859375	1341.900001525879
1253.699951171875	1346.0
1251.4000244140625	1346.6999969482422
1252.9000244140625	1344.900001525879
1251.800048828125	1347.400001525879
1251.300048828125	1341.3000030517578
1249.300048828125	1343.1999969482422
1250.9000244140625	1346.3000030517578
1252.199951171875	1346.1999969482422
1252.699951171875	1348.3000030517578
1422.9000244140625	1319.1999969482422
1506.4000244140625	1308.5
1489.0999755859375	1310.6999969482422
1487.300048828125	1321.1999969482422
1489.0999755859375	1322.6999969482422
1494.199951171875	1322.8000030517578
1494.9000244140625	1305.3000030517578
1497.0	1308.6999969482422
1496.800048828125	1312.599998474121
1495.300048828125	1306.3999938964844
1494.199951171875	1312.400001525879
1493.0	1315.599998474121
1492.699951171875	1314.400001525879
1495.199951171875	1314.0
1452.0	1324.5
1295.800048828125	1348.1999969482422
1308.300048828125	1344.6999969482422
1310.0999755859375	1343.099998474121
1310.4000244140625	1338.900001525879
1307.5	1342.8000030517578
1311.0999755859375	1338.099998474121
1304.5	1353.1999969482422
1312.0999755859375	1338.400001525879
1310.9000244140625	1336.599998474121
1308.5	1339.900001525879
1309.4000244140625	1341.099998474121
1305.0	1346.599998474121
1305.300048828125	1342.099998474121
1475.5999755859375	1346.1999969482422
1918.800048828125	1386.599998474121
2141.199951171875	1387.0
2245.89990234375	1371.6999969482422
2201.699951171875	1384.099998474121
2176.300048828125	1381.900001525879
2176.60009765625	1390.0
2170.10009765625	1387.2999992370603
2167.60009765625	1394.099998474121
2168.199951171875	1394.2000007629397
2167.60009765625	1398.7000007629397
2167.800048828125	1397.400001525879
2165.39990234375	1395.2000007629397
2167.39990234375	1391.7000007629397
2162.0	1390.599998474121
2162.39990234375	1395.2000007629397
2165.10009765625	1390.099998474121
2164.300048828125	1372.8000030517578
2119.699951171875	1335.900001525879
2020.199951171875	1126.8999938964844
-32768.0	-32768.0
-32768.0	-32768.0
-32768.0	-32768.0
-32768.0	-32768.0
-32768.0	-32768.0
-32768.0	-32768.0
1751.5	1213.8000030517578
1736.0	1339.0
1737.9000244140625	1332.3000030517578
1744.0	1337.099998474121
1744.5999755859375	1329.900001525879
1743.4000244140625	1337.599998474121
1742.5	1337.3000030517578
1741.9000244140625	1334.1999969482422
1741.5999755859375	1337.599998474121
1738.300048828125	1336.6999969482422
1745.5	1341.0
1746.5	1347.0
1747.300048828125	1347.8000030517578
1745.9000244140625	1352.8000030517578
1747.0	1356.599998474121
1717.199951171875	1349.0
1494.800048828125	1302.1999969482422
1452.0	1308.6000061035156
1452.800048828125	1311.1000061035156
1459.0	1305.0
1459.0999755859375	1306.1000061035156
1460.300048828125	1301.3000030517578
1461.300048828125	1300.8000030517578
1463.300048828125	1297.8999938964844
1462.5999755859375	1298.0
1460.800048828125	1299.6000061035156
1462.0999755859375	1298.3000030517578
1306.0	1333.400001525879
1340.800048828125	1321.5
1334.800048828125	1326.3000030517578
1337.0999755859375	1327.1999969482422
1337.5	1324.1999969482422
1338.300048828125	1327.599998474121
1337.699951171875	1322.0
1341.0	1325.599998474121
1342.0	1324.099998474121
1342.800048828125	1320.8000030517578
1349.300048828125	1323.099998474121
1348.800048828125	1320.0
1350.699951171875	1317.6999969482422
1346.800048828125	1317.099998474121
1350.5	1320.6999969482422
1352.5999755859375	1316.8000030517578
1352.9000244140625	1292.6000061035156
1465.4000244140625	1286.3999938964844
1671.5	1279.1999969482422
-32768.0	-32768.0
-32768.0	-32768.0
-32768.0	-32768.0
2274.699951171875	909.2999877929688
1937.300048828125	1273.6000061035156
1909.0999755859373	1336.1999969482422
1910.0	1333.5
1908.199951171875	1335.599998474121
1901.9000244140625	1331.900001525879
1904.5	1343.3000030517578
1905.300048828125	1348.599998474121
1902.4000244140625	1348.0
1910.4000244140625	1345.3000030517578
1908.300048828125	1338.599998474121
1906.5	1337.900001525879
1909.0	1360.400001525879
2035.5	1362.6999969482422
2199.10009765625	1381.599998474121
2181.0	1371.3000030517578
2191.5	1372.1999969482422
2190.800048828125	1376.0
2190.300048828125	1377.0
2193.5	1375.1999969482422
2196.0	1375.3000030517578
2192.10009765625	1376.5
2190.300048828125	1379.599998474121
2188.699951171875	1379.7999992370603
2191.699951171875	1382.0
2195.60009765625	1380.0
2193.39990234375	1379.599998474121
2191.699951171875	1383.7000007629397
2188.10009765625	1386.900001525879
2190.10009765625	1370.900001525879
2188.0	1372.1999969482422
2184.199951171875	1354.1999969482422
2171.10009765625	1323.599998474121
2245.199951171875	864.9000244140625
-32768.0	-32768.0
-32768.0	-32768.0
-32768.0	-32768.0
-32768.0	-32768.0
-32768.0	-32768.0
-32768.0	-32768.0
-32768.0	-32768.0
1468.5	1254.8000030517578
1467.0	1314.5
1457.0999755859375	1319.099998474121
1457.699951171875	1307.3999938964844
1457.4000244140625	1309.5
1453.300048828125	1304.8000030517578
1448.300048828125	1307.8999938964844
1447.5999755859375	1314.900001525879
1450.4000244140625	1304.1999969482422
1449.5	1306.6999969482422
1444.300048828125	1318.099998474121
1446.199951171875	1303.5
1444.9000244140625	1312.6999969482422
1449.0	1310.3000030517578
1446.300048828125	1308.6000061035156
1444.9000244140625	1307.5
1731.5999755859375	1301.8000030517578
1850.0999755859373	1293.8000030517578
1846.9000244140625	1306.8000030517578
1851.800048828125	1302.8999938964844
1857.9000244140625	1309.5
1862.800048828125	1315.8000030517578
1859.199951171875	1300.3000030517578
1861.5	1306.8999938964844
1865.699951171875	1306.8999938964844
1866.699951171875	1312.0
1867.800048828125	1309.1000061035156
1867.5	1312.1999969482422
1952.9000244140625	1314.599998474121
2194.5	1349.400001525879
2146.199951171875	1335.0
2168.199951171875	1342.1999969482422
2166.89990234375	1338.5
2167.300048828125	1336.599998474121
2166.300048828125	1349.0
2160.199951171875	1342.1999969482422
2162.199951171875	1354.8000030517578
2164.699951171875	1354.599998474121
2165.89990234375	1357.599998474121
2162.89990234375	1355.6999969482422
2158.300048828125	1359.0
2160.10009765625	1352.3000030517578
2165.5	1352.8000030517578
2163.300048828125	1354.599998474121
2165.60009765625	1354.599998474121
2165.5	1355.1999969482422
2160.39990234375	1348.599998474121
2160.5	1340.599998474121
2162.10009765625	1338.900001525879
1990.199951171875	1334.099998474121
1893.199951171875	1283.5
1922.5999755859373	1295.8999938964844
1919.5	1291.0
1922.0999755859373	1288.8999938964844
1919.5999755859373	1288.8000030517578
1916.199951171875	1292.3999938964844
1912.800048828125	1286.6999969482422
1913.800048828125	1286.1999969482422
1916.800048828125	1286.5
1920.5999755859373	1288.5
1675.4000244140625	1248.6999969482422
1630.5	1227.0
1627.4000244140625	1218.1000061035156
1623.0999755859375	1210.8999938964844
1626.699951171875	1204.1999969482422
1621.300048828125	1204.1999969482422
1624.4000244140625	1202.8999938964844
1623.800048828125	1206.8999938964844
1623.4000244140625	1207.8000030517578
1624.4000244140625	1207.6000061035156
1624.800048828125	1208.3000030517578
1627.9000244140625	1208.3000030517578
1625.4000244140625	1208.6000061035156
1624.9000244140625	1212.0
1624.4000244140625	1184.5
1590.300048828125	1101.3999938964844
-32768.0	-32768.0
-32768.0	-32768.0
-32768.0	-32768.0
-32768.0	-32768.0
-32768.0	-32768.0
1739.300048828125	749.7999877929688
1773.800048828125	805.4000244140625
1767.199951171875	828.0999755859375
1764.300048828125	813.2000122070312
1767.300048828125	819.4000244140625
1764.4000244140625	821.2999877929688
1769.4000244140625	810.0999755859375
1769.0	815.2999877929688
1766.199951171875	819.5
1763.699951171875	819.2999877929688
1762.9000244140625	825.2000122070312
1761.800048828125	823.7000122070312
1759.5	823.0999755859375
1949.199951171875	731.5
1918.300048828125	720.5999755859375
1933.199951171875	714.7000122070312
1932.300048828125	714.9000244140625
1932.800048828125	711.4000244140625
1935.9000244140625	711.2000122070312
1934.0999755859373	709.4000244140625
1934.0	708.7000122070312
1934.199951171875	704.2000122070312
1935.800048828125	703.4000244140625
1934.9000244140625	703.7999877929688
1934.300048828125	700.5999755859375
1934.0	704.2000122070312
1936.699951171875	704.5
1937.4000244140625	703.5
1935.0999755859373	702.2000122070312
1937.4000244140625	702.0999755859375
1937.5	702.2999877929688
1939.0999755859373	693.7999877929688
1665.0999755859375	871.9000244140625
1489.199951171875	1188.1000061035156
1476.0	1283.6999969482422
1477.199951171875	1285.5
1471.800048828125	1290.3000030517578
1476.800048828125	1288.3000030517578
1478.699951171875	1281.3999938964844
1477.9000244140625	1291.3000030517578
1478.0	1285.6000061035156
1484.199951171875	1279.3000030517578
1481.4000244140625	1280.0
1482.800048828125	1287.1000061035156
1481.800048828125	1283.8999938964844
1485.699951171875	1284.1000061035156
1478.5999755859375	1289.8000030517578
1479.300048828125	1297.8000030517578
1574.0	1304.8999938964844
1908.5999755859373	1320.0
1914.699951171875	1315.1999969482422
1937.300048828125	1329.8000030517578
1932.199951171875	1328.5
1936.5999755859373	1324.599998474121
1937.0	1326.6999969482422
1939.0	1322.8000030517578
1939.4000244140625	1323.5
1939.0999755859373	1325.5
1939.0	1316.599998474121
1936.699951171875	1310.6999969482422
1938.0	1315.900001525879
1936.9000244140625	1313.0
1941.0999755859373	1315.8000030517578
1944.800048828125	1316.0
1948.300048828125	1317.599998474121
1948.5	1317.099998474121
1940.4000244140625	1312.099998474121
1941.699951171875	1314.5
1940.800048828125	1316.8000030517578
1940.800048828125	1319.8000030517578
1944.4000244140625	1316.599998474121
1950.5	1316.8000030517578
1950.0	1320.3000030517578
1946.300048828125	1321.900001525879
1944.0	1317.3000030517578
1963.0999755859373	1309.8999938964844
2174.10009765625	1319.099998474121
2151.5	1338.3000030517578
2163.800048828125	1333.1999969482422
2165.39990234375	1328.599998474121
2164.199951171875	1324.6999969482422
2165.0	1323.1999969482422
2165.5	1320.3000030517578
2166.39990234375	1319.900001525879
2167.39990234375	1320.5
2165.699951171875	1320.6999969482422
2166.0	1321.599998474121
2165.800048828125	1320.099998474121
2167.10009765625	1333.8000030517578
2167.5	1327.599998474121
2163.800048828125	1320.0
2164.5	1327.6999969482422
2164.89990234375	1339.6999969482422
2168.0	1334.1999969482422
2165.300048828125	1328.8000030517578
2168.5	1326.599998474121
1829.5	1323.099998474121
1582.9000244140625	1315.099998474121
1607.5	1308.8999938964844
1585.300048828125	1313.599998474121
1596.4000244140625	1318.6999969482422
1594.800048828125	1309.0
1589.800048828125	1306.8000030517578
1592.4000244140625	1320.8000030517578
1590.199951171875	1315.3000030517578
1589.9000244140625	1309.3999938964844
1586.699951171875	1316.0
1588.5999755859375	1310.3000030517578
1588.0	1306.6999969482422
1614.0	1306.8000030517578
1849.800048828125	1214.1999969482422
1791.300048828125	1226.0
1798.199951171875	1224.3999938964844
1798.199951171875	1221.8000030517578
1800.800048828125	1226.8999938964844
1798.300048828125	1221.3999938964844
1800.699951171875	1215.1000061035156
1799.4000244140625	1217.1999969482422
1797.800048828125	1221.1000061035156
1794.199951171875	1220.1999969482422
1910.800048828125	1223.1000061035156
2078.300048828125	1223.0
2051.0	1229.3000030517578
2059.10009765625	1226.1000061035156
2059.0	1223.8000030517578
2058.300048828125	1219.6999969482422
2059.800048828125	1221.3999938964844
2057.89990234375	1221.6999969482422
2061.5	1225.6999969482422
2057.5	1215.0
2057.60009765625	1221.3999938964844
2054.10009765625	1223.3000030517578
2055.300048828125	1222.6000061035156
2054.800048828125	1221.8000030517578
1899.5	1166.6000061035156
1910.800048828125	1142.7999877929688
1887.300048828125	1143.0
1885.199951171875	1131.0
1888.0	1132.7999877929688
1889.300048828125	1136.2999877929688
1888.699951171875	1138.6000061035156
1889.800048828125	1135.2000122070312
1889.800048828125	1135.2999877929688
1890.699951171875	1136.2000122070312
1889.5	1134.2000122070312
1889.800048828125	1129.2999877929688
1890.9000244140625	1128.3999938964844
1887.0	1128.6000061035156
1947.0	1135.1000061035156
2061.10009765625	1183.5
2052.39990234375	1182.2999877929688
2056.89990234375	1174.7000122070312
2056.10009765625	1178.7000122070312
2055.699951171875	1172.3999938964844
2055.10009765625	1178.0
2054.800048828125	1178.7000122070312
2057.10009765625	1184.1999969482422
2056.199951171875	1179.3999938964844
2057.89990234375	1183.8999938964844
2058.5	1181.5
2056.39990234375	1179.1000061035156
2056.199951171875	1171.0
2053.699951171875	1165.7999877929688
2054.39990234375	1168.6000061035156
2053.699951171875	1169.5
2050.89990234375	1170.6000061035156
2052.0	1167.7000122070312
2055.60009765625	1172.3999938964844
2054.699951171875	1170.6000061035156
2053.10009765625	1173.2999877929688
2055.199951171875	1173.7999877929688
2038.5999755859373	1163.2000122070312
1958.5999755859373	1158.6000061035156
1972.300048828125	1160.5
1970.0	1167.7000122070312
1970.5	1158.0
1973.4000244140625	1162.6000061035156
1970.5999755859373	1155.5
1971.5999755859373	1157.1000061035156
1972.199951171875	1158.2999877929688
1971.0	1156.7000122070312
1974.5	1158.3999938964844
1972.0	1163.1000061035156
1916.4000244140625	1169.2000122070312
1687.4000244140625	1236.3000030517578
1685.699951171875	1233.5
1681.5999755859375	1228.8999938964844
1685.9000244140625	1222.1000061035156
1684.4000244140625	1223.6000061035156
1685.0	1227.1999969482422
1686.300048828125	1222.5
1685.800048828125	1221.0
1684.9000244140625	1223.0
1685.699951171875	1223.6999969482422
1681.4000244140625	1224.6000061035156
1682.199951171875	1225.5
1682.4000244140625	1227.6999969482422
1685.4000244140625	1225.3000030517578
1681.5	1227.1999969482422
1685.4000244140625	1228.0
1681.5	1233.6999969482422
1682.0999755859375	1233.6999969482422
1682.300048828125	1232.8000030517578
1681.9000244140625	1231.3000030517578
1680.800048828125	1235.6000061035156
1680.699951171875	1225.3000030517578
1678.9000244140625	1231.0
1678.300048828125	1229.0
1679.4000244140625	1230.5
1678.0999755859375	1228.1999969482422
1674.4000244140625	1206.0
1654.199951171875	1154.7999877929688
1110.0999755859375	774.2000122070312
-32768.0	-32768.0
-32768.0	-32768.0
-32768.0	-32768.0
-32768.0	-32768.0
1825.199951171875	960.5
1784.699951171875	1206.6000061035156
1776.0	1219.6000061035156
1776.300048828125	1215.6999969482422
1776.800048828125	1218.3000030517578
1778.199951171875	1216.5
1778.4000244140625	1218.6999969482422
1777.5	1215.0
1776.5	1209.6999969482422
1774.4000244140625	1207.5
1775.199951171875	1211.6999969482422
1774.800048828125	1222.3999938964844
1770.800048828125	1219.8000030517578
1599.0999755859375	1247.3999938964844
1625.0	1233.1000061035156
1621.0	1241.6999969482422
1620.5999755859375	1238.1999969482422
1619.4000244140625	1239.1999969482422
1620.300048828125	1239.3000030517578
1618.5	1237.3999938964844
1618.0999755859375	1237.5
1615.199951171875	1237.3000030517578
1611.9000244140625	1239.1999969482422
1610.5999755859375	1246.8999938964844
1612.9000244140625	1243.8999938964844
1610.699951171875	1233.6000061035156
1611.800048828125	1233.1000061035156
1609.5999755859375	1242.8999938964844
1573.300048828125	1352.099998474121
1577.699951171875	1328.900001525879
1578.5999755859375	1326.0
1576.5999755859375	1330.900001525879
1577.199951171875	1330.8000030517578
1579.0999755859375	1325.900001525879
1579.800048828125	1328.5
1583.4000244140625	1335.8000030517578
1580.0999755859375	1340.5
1581.699951171875	1342.5
1580.4000244140625	1340.0
1760.800048828125	1342.3000030517578
2064.300048828125	1331.1999969482422
2017.5999755859373	1326.3000030517578
2039.800048828125	1336.099998474121
2039.800048828125	1335.099998474121
2041.5999755859373	1342.0
2044.0999755859373	1339.8000030517578
2043.5999755859373	1343.599998474121
2042.9000244140625	1342.0
2041.5999755859373	1338.8000030517578
2043.300048828125	1337.599998474121
2042.300048828125	1337.1999969482422
2043.800048828125	1336.099998474121
2045.199951171875	1330.5
2044.5	1326.900001525879
2042.5	1331.900001525879
2042.5999755859373	1331.900001525879
2044.300048828125	1336.099998474121
2045.9000244140625	1332.0
2046.199951171875	1328.5
2050.300048828125	1332.099998474121
2047.9000244140625	1331.099998474121
2047.4000244140625	1332.400001525879
2048.60009765625	1317.1999969482422
2037.0	1298.6999969482422
2036.5	1177.5
-32768.0	-32768.0
-32768.0	-32768.0
-32768.0	-32768.0
-32768.0	-32768.0
-32768.0	-32768.0
-32768.0	-32768.0
-32768.0	-32768.0
-32768.0	-32768.0
2273.0	442.7000122070313
2102.800048828125	452.0
2099.800048828125	447.7999877929688
2094.800048828125	442.5
2095.199951171875	452.2000122070313
2097.10009765625	446.2999877929688
2093.800048828125	443.4000244140625
2093.699951171875	449.2000122070313
2092.5	450.2000122070313
2091.10009765625	443.7999877929688
2093.800048828125	446.7999877929688
2093.89990234375	449.2000122070313
2092.39990234375	448.0999755859375
2089.60009765625	448.0
2090.60009765625	447.0999755859375
1720.5999755859375	688.2999877929688
1629.699951171875	1047.3999938964844
1703.0	1175.7000122070312
1662.0999755859375	1193.3999938964844
1672.5	1186.8000030517578
1673.5999755859375	1189.8000030517578
1673.0	1184.6000061035156
1676.5999755859375	1183.2000122070312
1678.199951171875	1181.8999938964844
1675.800048828125	1184.8999938964844
1679.4000244140625	1182.7999877929688
1629.300048828125	1232.0
1613.4000244140625	1247.5
1613.0	1254.8999938964844
1611.199951171875	1255.5
1612.9000244140625	1257.6000061035156
1613.5	1258.6000061035156
1614.0999755859375	1259.0
1594.199951171875	1298.6000061035156
1596.5999755859375	1280.0
1596.0	1284.1000061035156
1595.800048828125	1289.1999969482422
1595.9000244140625	1291.8000030517578
1595.5999755859375	1292.6999969482422
1597.4000244140625	1284.8999938964844
1600.4000244140625	1278.8000030517578
1602.300048828125	1278.3000030517578
1601.199951171875	1278.8000030517578
1605.4000244140625	1278.6000061035156
1608.300048828125	1277.5
1608.0	1276.1000061035156
1607.5	1277.3000030517578
1605.300048828125	1286.1999969482422
1603.300048828125	1285.0
1580.199951171875	1232.0
1394.9000244140625	1002.2999877929688
-32768.0	-32768.0
-32768.0	-32768.0
-32768.0	-32768.0
-32768.0	-32768.0
-32768.0	-32768.0
-32768.0	-32768.0
-32768.0	-32768.0
-32768.0	-32768.0
-32768.0	-32768.0
-32768.0	-32768.0
-32768.0	-32768.0
-32768.0	-32768.0
-32768.0	-32768.0
-32768.0	-32768.0
-32768.0	-32768.0
475.7000122070313	-912.300048828125
510.2999877929688	-958.300048828125
559.2000122070312	-951.199951171875
595.2999877929688	-942.60009765625
614.5999755859375	-939.800048828125
635.5	-941.39990234375
635.0	-934.199951171875
752.5	-928.5
-32768.0	-32768.0
-32768.0	-32768.0
1656.300048828125	-756.0
1640.4000244140625	-740.10009765625
1618.800048828125	-725.89990234375
1616.800048828125	-679.89990234375
1608.0999755859375	-645.39990234375
1616.0999755859375	-621.800048828125
1615.300048828125	-602.5999755859375
1601.800048828125	-628.0
-32768.0	-32768.0
1600.699951171875	-620.60009765625
1425.199951171875	-618.199951171875
1068.300048828125	-508.0999755859375
1095.0	-454.300048828125
1087.5999755859375	-437.800048828125
1100.0999755859375	-440.0
1100.199951171875	-444.9000244140625
1095.800048828125	-450.4000244140625
1097.0999755859375	-452.9000244140625
1091.199951171875	-449.300048828125
1092.199951171875	-444.9000244140625
1086.9000244140625	-446.5
1092.300048828125	-447.0999755859375
1077.0999755859375	-450.300048828125
1084.199951171875	-451.5999755859375
1085.9000244140625	-452.4000244140625
1094.0999755859375	-456.5999755859375
-32768.0	-32768.0
-32768.0	-32768.0
-32768.0	-32768.0
-32768.0	-32768.0
-32768.0	-32768.0
-32768.0	-32768.0
-32768.0	-32768.0
-32768.0	-32768.0
-32768.0	-32768.0
-32768.0	-32768.0
-32768.0	-32768.0
-32768.0	-32768.0
-32768.0	-32768.0
-32768.0	-32768.0
-32768.0	-32768.0
-32768.0	-32768.0
-32768.0	-32768.0
-32768.0	-32768.0
-32768.0	-32768.0
-32768.0	-32768.0
-32768.0	-32768.0
-32768.0	-32768.0
-32768.0	-32768.0
-32768.0	-32768.0
-32768.0	-32768.0
-32768.0	-32768.0
-32768.0	-32768.0
-32768.0	-32768.0
-32768.0	-32768.0
-32768.0	-32768.0
2027.4000244140625	-610.10009765625
2037.9000244140625	-620.800048828125
2041.5	-617.699951171875
2043.199951171875	-618.5
2042.4000244140625	-618.300048828125
2044.5	-619.39990234375
2044.0	-619.10009765625
2047.0999755859373	-618.300048828125
2043.4000244140625	-614.699951171875
2046.5999755859373	-611.0
2047.300048828125	-614.300048828125
2045.800048828125	-615.5
2046.199951171875	-613.60009765625
2045.0	-615.300048828125
2046.800048828125	-616.10009765625
2044.4000244140625	-616.89990234375
2047.9000244140625	-616.300048828125
2043.300048828125	-612.5
2041.800048828125	-615.0
2043.5	-614.10009765625
2045.0	-616.60009765625
2043.699951171875	-614.10009765625
2044.199951171875	-617.5
2043.9000244140625	-614.699951171875
2040.5999755859373	-615.89990234375
2046.4000244140625	-617.800048828125
2062.300048828125	-630.800048828125
1989.800048828125	-748.10009765625
1408.9000244140625	-958.60009765625
1072.0999755859375	-1315.0
-32768.0	-32768.0
-32768.0	-32768.0
-32768.0	-32768.0
-32768.0	-32768.0
-32768.0	-32768.0
697.5999755859375	-953.89990234375
-32768.0	-32768.0
-32768.0	-32768.0
899.0999755859375	-470.800048828125
860.0999755859375	-425.4000244140625
841.5999755859375	-379.5
838.9000244140625	-375.4000244140625
831.0999755859375	-362.4000244140625
741.2999877929688	-475.800048828125
755.7999877929688	-452.199951171875
763.0999755859375	-450.4000244140625
769.7000122070312	-448.9000244140625
767.2000122070312	-448.699951171875
770.5999755859375	-449.5999755859375
767.0	-453.699951171875
768.5999755859375	-448.5
762.5	-450.0999755859375
758.9000244140625	-468.5
761.0	-487.699951171875
-32768.0	-32768.0
-32768.0	-32768.0
-32768.0	-32768.0
-32768.0	-32768.0
-32768.0	-32768.0
-32768.0	-32768.0
-32768.0	-32768.0
-32768.0	-32768.0
-32768.0	-32768.0
-32768.0	-32768.0
-32768.0	-32768.0
2054.89990234375	-539.0999755859375
2009.0	-450.699951171875
1996.699951171875	-441.300048828125
1998.300048828125	-446.5999755859375
1987.5999755859373	-439.699951171875
1989.699951171875	-435.9000244140625
1992.300048828125	-433.800048828125
1993.4000244140625	-437.300048828125
1992.800048828125	-442.699951171875
1996.9000244140625	-448.199951171875
1991.199951171875	-449.5
1996.5999755859373	-457.0
2004.9000244140625	-464.199951171875
1996.9000244140625	-458.300048828125
2027.199951171875	-556.300048828125
2027.800048828125	-557.199951171875
2029.5999755859373	-556.0
2027.300048828125	-561.0999755859375
2022.5999755859373	-558.199951171875
2028.0	-563.0
2034.300048828125	-569.300048828125
2034.199951171875	-565.699951171875
2038.5	-567.9000244140625
2027.5	-566.5
2030.300048828125	-565.0999755859375
2031.300048828125	-560.0999755859375
2032.9000244140625	-570.0999755859375
2027.300048828125	-569.300048828125
2025.300048828125	-567.5999755859375
2027.9000244140625	-569.5
2030.5999755859373	-568.0
2035.0	-565.4000244140625
2039.699951171875	-570.0
2040.4000244140625	-570.0
2037.0	-563.199951171875
2045.9000244140625	-573.9000244140625
2048.5	-575.0
2047.699951171875	-575.800048828125
2048.39990234375	-577.300048828125
2045.300048828125	-568.5999755859375
2043.5	-564.0
2041.5999755859373	-557.800048828125
2042.0999755859373	-558.5
2044.0999755859373	-556.5
2040.0	-553.699951171875
2039.800048828125	-558.300048828125
2037.0	-556.0
2038.199951171875	-553.800048828125
2039.0	-550.9000244140625
2047.300048828125	-555.4000244140625
2042.5999755859373	-556.800048828125
2034.800048828125	-548.5
2040.5999755859373	-558.0
2047.0999755859373	-562.800048828125
2052.699951171875	-568.0
2049.300048828125	-570.5
2041.5	-570.699951171875
2093.39990234375	-633.0
2088.300048828125	-638.39990234375
2092.39990234375	-645.0
2084.800048828125	-668.10009765625
2068.300048828125	-625.0
2066.199951171875	-606.5999755859375
2056.699951171875	-582.800048828125
2053.800048828125	-578.300048828125
2159.5	-537.5999755859375
2117.10009765625	-538.300048828125
2118.0	-536.800048828125
2123.800048828125	-539.300048828125
2125.199951171875	-540.800048828125
2120.89990234375	-550.9000244140625
2123.800048828125	-543.5
2121.199951171875	-532.9000244140625
2116.300048828125	-545.5
2118.699951171875	-547.5999755859375
2119.0	-546.4000244140625
2120.60009765625	-549.9000244140625
2120.699951171875	-554.699951171875
2120.199951171875	-558.0
2121.10009765625	-554.4000244140625
2118.60009765625	-554.5999755859375
2116.0	-553.199951171875
2118.0	-558.5
2116.60009765625	-556.4000244140625
2109.699951171875	-541.5999755859375
2116.5	-554.699951171875
2104.5	-537.699951171875
2102.300048828125	-534.300048828125
2102.5	-527.0999755859375
2102.699951171875	-523.199951171875
2100.699951171875	-519.4000244140625
2098.10009765625	-519.300048828125
2096.699951171875	-516.0999755859375
2096.300048828125	-518.0999755859375
2095.89990234375	-519.300048828125
2098.39990234375	-519.5999755859375
2102.300048828125	-525.9000244140625
2098.199951171875	-521.300048828125
2079.89990234375	-521.5999755859375
1957.199951171875	-511.5
1977.4000244140625	-517.0
1972.800048828125	-515.9000244140625
1977.699951171875	-519.800048828125
1979.5	-519.0999755859375
1992.699951171875	-546.800048828125
1992.5	-549.9000244140625
1971.699951171875	-519.199951171875
1980.300048828125	-518.300048828125
1998.9000244140625	-545.800048828125
1992.5999755859373	-540.5999755859375
1978.5	-516.0999755859375
1977.0999755859373	-517.4000244140625
1977.0	-515.699951171875
1992.9000244140625	-541.9000244140625
1975.699951171875	-515.199951171875
1977.300048828125	-518.5999755859375
1975.5	-516.5999755859375
1971.699951171875	-513.4000244140625
1970.5	-511.300048828125
1971.199951171875	-512.5999755859375
1990.199951171875	-535.9000244140625
1969.0	-439.0999755859375
-32768.0	-32768.0
1723.4000244140625	510.2999877929688
1685.0999755859375	1006.8999938964844
1753.5999755859375	1123.7000122070312
1770.699951171875	1092.2999877929688
1779.9000244140625	1108.6000061035156
1788.0	1123.1000061035156
1790.0	1118.7000122070312
1795.4000244140625	1122.1000061035156
1799.199951171875	1116.2000122070312
1793.9000244140625	1247.8999938964844
1801.5999755859373	1239.0
1800.699951171875	1239.6000061035156
1802.5	1236.8000030517578
1801.199951171875	1232.5
1717.5	1400.599998474121
1732.5999755859375	1406.099998474121
1728.0999755859375	1409.6000003814695
1724.800048828125	1397.099998474121
1722.0999755859375	1384.099998474121
1724.5999755859375	1375.099998474121
1724.0	1377.2000007629397
1727.199951171875	1376.5
1725.5	1372.400001525879
1724.800048828125	1362.900001525879
1721.0999755859375	1365.1999969482422
1722.0	1357.3000030517578
1719.4000244140625	1346.1999969482422
1724.0999755859375	1345.099998474121
1723.0999755859375	1340.3000030517578
1722.199951171875	1333.1999969482422
1719.9000244140625	1333.0
1718.5999755859375	1335.099998474121
1721.4000244140625	1329.400001525879
1729.300048828125	1329.6999969482422
1730.0	1329.1999969482422
1731.4000244140625	1325.5
1734.699951171875	1284.6000061035156
1945.4000244140625	914.7000122070312
2001.300048828125	587.0
1996.699951171875	605.5
1997.5	578.0
1996.5	574.4000244140625
1997.5	578.5999755859375
1998.5999755859373	574.9000244140625
2001.800048828125	578.5999755859375
2009.0999755859373	572.2000122070312
2009.199951171875	566.0999755859375
2012.800048828125	565.7999877929688
2015.699951171875	565.2999877929688
2018.800048828125	567.7000122070312
2022.0	562.9000244140625
2025.800048828125	564.0999755859375
1897.699951171875	832.7999877929688
1925.300048828125	1243.8999938964844
2013.0	1355.6999969482422
1997.0	1354.3000030517578
1993.0	1350.8000030517578
1990.0999755859373	1338.900001525879
2003.699951171875	1361.099998474121
2004.9000244140625	1345.1999969482422
2006.199951171875	1348.099998474121
2006.0	1348.5
2007.199951171875	1347.5
2009.5	1345.5
2013.0	1349.0
2012.4000244140625	1347.6999969482422
1832.0	1347.8000030517578
1843.199951171875	1322.5
1841.0	1324.099998474121
1841.5	1327.1999969482422
1843.5	1323.099998474121
1846.5999755859373	1320.400001525879
1845.300048828125	1321.0
1843.5	1316.6999969482422
1843.0999755859373	1321.1999969482422
1843.0	1321.6999969482422
1846.0999755859373	1321.8000030517578
1847.199951171875	1321.0
1844.800048828125	1313.6999969482422
2068.199951171875	1353.400001525879
2149.39990234375	1352.3000030517578
2142.0	1371.8000030517578
2143.89990234375	1363.099998474121
2140.39990234375	1364.3000030517578
2146.199951171875	1366.8000030517578
2142.5	1370.400001525879
2143.89990234375	1361.400001525879
2140.39990234375	1357.599998474121
2142.10009765625	1364.6999969482422
2144.89990234375	1366.900001525879
2148.800048828125	1363.900001525879
2152.0	1370.599998474121
2149.300048828125	1366.3000030517578
2148.39990234375	1365.3000030517578
2148.699951171875	1364.5
2149.39990234375	1366.0
2152.10009765625	1365.400001525879
2154.800048828125	1365.0
2148.89990234375	1358.599998474121
2134.699951171875	1355.1999969482422
1904.9000244140625	1338.599998474121
1905.5999755859373	1329.400001525879
1904.0	1324.3000030517578
1902.800048828125	1321.0
1901.5999755859373	1315.0
1900.699951171875	1314.099998474121
1906.5999755859373	1316.1999969482422
1913.0	1318.900001525879
1919.5999755859373	1315.1999969482422
1907.5	1317.900001525879
1853.0	1299.6000061035156
1855.300048828125	1299.3999938964844
1848.0	1303.3000030517578
1845.5999755859373	1300.0
1844.9000244140625	1300.0
1849.0	1303.1999969482422
1855.800048828125	1300.8999938964844
1856.0	1294.5
1856.5999755859373	1293.3999938964844
1858.9000244140625	1298.5
1860.199951171875	1296.0
1863.300048828125	1297.3999938964844
1861.0	1296.8000030517578
1863.800048828125	1296.8999938964844
1865.0999755859373	1297.6000061035156
1862.9000244140625	1293.1000061035156
1865.800048828125	1292.6999969482422
1866.4000244140625	1293.1000061035156
1865.699951171875	1296.3000030517578
1865.4000244140625	1299.1999969482422
1863.699951171875	1301.8999938964844
1863.5999755859373	1292.0
1866.5999755859373	1298.3999938964844
1866.0999755859373	1297.6000061035156
1862.5	1295.3999938964844
1865.199951171875	1295.0
1864.0	1287.5
1864.300048828125	1289.0
1866.5	1293.1000061035156
1863.5	1289.1999969482422
1864.5	1295.0
1865.800048828125	1296.6000061035156
1865.800048828125	1291.3999938964844
1866.0999755859373	1288.1000061035156
1868.300048828125	1285.6000061035156
1864.800048828125	1287.1999969482422
1866.5999755859373	1287.1000061035156
1863.5	1279.3999938964844
1848.4000244140625	1273.6000061035156
1851.199951171875	1297.8000030517578
1908.0999755859373	1298.6000061035156
1946.699951171875	1284.3999938964844
1985.5999755859373	1303.8000030517578
2065.5	1305.1000061035156
2102.699951171875	1327.3000030517578
2098.300048828125	1320.400001525879
2098.199951171875	1311.6000061035156
2097.89990234375	1313.6999969482422
2099.800048828125	1317.900001525879
2104.5	1326.099998474121
2104.300048828125	1319.400001525879
2103.300048828125	1316.099998474121
2104.0	1317.6999969482422
2102.39990234375	1314.6999969482422
2097.699951171875	1315.599998474121
2093.39990234375	1312.5
2091.800048828125	1309.3000030517578
2093.199951171875	1314.1999969482422
2092.5	1312.8000030517578
2095.10009765625	1312.599998474121
2088.199951171875	1293.1000061035156
2073.10009765625	1273.3999938964844
2082.300048828125	1174.0
-32768.0	-32768.0
-32768.0	-32768.0
-32768.0	-32768.0
-32768.0	-32768.0
-32768.0	-32768.0
-32768.0	-32768.0
-32768.0	-32768.0
-32768.0	-32768.0
2504.0	721.7999877929688
2062.0	759.5999755859375
2034.699951171875	671.7999877929688
2012.300048828125	593.7999877929688
2016.5999755859373	614.2999877929688
2017.0	605.9000244140625
2017.699951171875	611.5
2020.5999755859373	614.7000122070312
2020.5999755859373	607.7000122070312
2018.800048828125	602.5999755859375
2017.9000244140625	607.2999877929688
2020.699951171875	607.5999755859375
2022.199951171875	609.9000244140625
2024.4000244140625	607.7000122070312
2024.699951171875	605.5999755859375
2030.699951171875	605.7999877929688
2032.5999755859373	611.0999755859375
2034.0999755859373	613.0999755859375
1982.199951171875	666.2000122070312
1910.199951171875	821.5999755859375
1976.199951171875	928.2999877929688
1959.4000244140625	918.4000244140624
1955.699951171875	929.3999938964844
1959.699951171875	934.2000122070312
1957.0999755859373	940.0
1956.0	935.3999938964844
1955.199951171875	946.7999877929688
1957.699951171875	949.3999938964844
1956.199951171875	943.3999938964844
1956.0999755859373	943.7999877929688
1954.9000244140625	946.2000122070312
1957.0	941.2999877929688
1958.5	943.2000122070312
1957.4000244140625	946.2999877929688
1958.5	942.1000061035156
1955.699951171875	938.3999938964844
1953.0	950.1000061035156
1952.800048828125	939.1000061035156
1955.4000244140625	937.5
1952.0	941.6000061035156
1948.5999755859373	942.2999877929688
1951.4000244140625	940.2000122070312
1947.9000244140625	941.7999877929688
1949.5999755859373	938.1000061035156
1950.300048828125	933.7000122070312
1929.4000244140625	995.5
1933.9000244140625	1275.3999938964844
1965.4000244140625	1305.6999969482422
1949.4000244140625	1320.3000030517578
1948.4000244140625	1314.400001525879
1951.199951171875	1325.0
1949.300048828125	1321.099998474121
1948.0999755859373	1325.599998474121
1951.800048828125	1326.599998474121
1950.5	1324.8000030517578
1951.5999755859373	1319.6999969482422
1951.0999755859373	1313.8000030517578
1940.800048828125	1313.6999969482422
1922.300048828125	1305.0
1925.300048828125	1307.8000030517578
1923.800048828125	1307.0
1925.800048828125	1299.5
1926.699951171875	1301.0
1925.699951171875	1310.1000061035156
1922.5	1307.1000061035156
1924.699951171875	1312.099998474121
1930.699951171875	1321.0
1935.4000244140625	1312.900001525879
1933.0999755859373	1310.3999938964844
1930.4000244140625	1306.3000030517578
1927.800048828125	1309.8000030517578
1926.300048828125	1309.3999938964844
1926.5	1295.0
1929.0999755859373	1297.3000030517578
1927.199951171875	1297.3999938964844
1922.5	1294.3000030517578
1926.0999755859373	1296.6999969482422
1927.199951171875	1300.3999938964844
1930.699951171875	1300.8000030517578
1931.0	1304.6000061035156
1926.5	1305.3000030517578
1922.9000244140625	1301.6999969482422
1925.300048828125	1302.3999938964844
1921.300048828125	1305.1999969482422
1918.199951171875	1301.3999938964844
1839.5999755859373	1184.5
-32768.0	-32768.0
-32768.0	-32768.0
-32768.0	-32768.0
-32768.0	-32768.0
-32768.0	-32768.0
-32768.0	-32768.0
2009.4000244140625	1299.3000030517578
1981.199951171875	1397.0
1985.5999755859373	1390.400001525879
1994.5999755859373	1393.2999992370603
1996.0999755859373	1383.7999992370603
1994.5999755859373	1387.5
1996.5	1398.2999992370603
1997.4000244140625	1393.7000007629397
1994.0	1385.099998474121
1995.5999755859373	1389.099998474121
2026.199951171875	1385.2000007629397
2052.0	1354.3000030517578
2057.5	1359.0
2047.5	1354.099998474121
2057.199951171875	1356.8000030517578
2060.0	1353.599998474121
2060.60009765625	1351.0
2059.800048828125	1347.099998474121
2058.199951171875	1344.0
2057.699951171875	1345.900001525879
2058.0	1350.099998474121
2060.39990234375	1342.900001525879
2063.300048828125	1351.599998474121
2065.5	1349.8000030517578
2068.300048828125	1352.8000030517578
2072.39990234375	1351.8000030517578
2076.300048828125	1346.900001525879
2075.89990234375	1345.5
2078.5	1340.5
2078.39990234375	1344.6999969482422
2026.800048828125	1339.599998474121
1968.699951171875	1303.1000061035156
1969.9000244140625	1309.3999938964844
1967.699951171875	1304.1000061035156
1962.699951171875	1300.1999969482422
1958.9000244140625	1292.1999969482422
1963.5999755859373	1289.6999969482422
1965.699951171875	1297.0
1971.300048828125	1300.0
1972.4000244140625	1300.3000030517578
1972.300048828125	1298.8000030517578
1969.9000244140625	1292.3000030517578
1969.5	1286.6999969482422
1968.5999755859373	1294.6999969482422
1975.9000244140625	1294.1999969482422
1974.800048828125	1289.8999938964844
1974.5999755859373	1289.3000030517578
1976.800048828125	1289.6999969482422
1976.300048828125	1288.6999969482422
1981.5999755859373	1290.3000030517578
1981.5999755859373	1299.6000061035156
1976.5999755859373	1286.8999938964844
1978.4000244140625	1298.3999938964844
1982.5	1296.3000030517578
1986.0	1296.3000030517578
1987.5999755859373	1293.3000030517578
1989.5999755859373	1291.6999969482422
1993.0999755859373	1296.1000061035156
1994.0	1294.6000061035156
1995.699951171875	1299.8000030517578
1994.0999755859373	1297.0
1993.699951171875	1298.3000030517578
1989.300048828125	1298.8000030517578
1988.0999755859373	1295.8999938964844
1990.9000244140625	1298.3999938964844
1993.5	1303.1999969482422
1998.199951171875	1301.6999969482422
1999.300048828125	1298.8000030517578
2005.5999755859373	1298.5
2004.5	1297.3000030517578
2002.199951171875	1294.8000030517578
2005.800048828125	1299.0
2001.199951171875	1301.1000061035156
2010.5999755859373	1304.3000030517578
2162.89990234375	1378.7999992370603
2133.0	1375.400001525879
2139.39990234375	1375.3000030517578
2140.5	1369.8000030517578
2139.5	1372.099998474121
2140.10009765625	1375.3000030517578
2143.39990234375	1382.7000007629397
2141.39990234375	1381.099998474121
2140.0	1381.599998474121
2139.89990234375	1384.099998474121
2137.699951171875	1377.400001525879
2138.0	1380.2999992370603
2139.10009765625	1381.400001525879
2142.199951171875	1382.0
2138.699951171875	1372.900001525879
2138.199951171875	1375.3000030517578
2140.300048828125	1374.5
2141.0	1375.599998474121
2135.800048828125	1373.6999969482422
2107.39990234375	1359.0
2064.300048828125	1347.099998474121
2063.89990234375	1349.1999969482422
2061.89990234375	1346.5
2063.800048828125	1341.900001525879
2064.10009765625	1341.5
2065.89990234375	1337.900001525879
2065.199951171875	1338.8000030517578
2065.699951171875	1336.6999969482422
2062.89990234375	1333.0
2062.300048828125	1334.400001525879
2059.0	1333.099998474121
2064.10009765625	1336.900001525879
2063.699951171875	1339.900001525879
2068.0	1345.099998474121
2068.39990234375	1337.400001525879
2068.699951171875	1337.0
2066.699951171875	1330.400001525879
2068.89990234375	1324.1999969482422
2067.0	1328.0
2070.10009765625	1328.099998474121
2072.800048828125	1330.3000030517578
2072.300048828125	1328.099998474121
2071.5	1322.6999969482422
2072.199951171875	1326.3000030517578
2073.800048828125	1333.3000030517578
2073.39990234375	1337.6999969482422
2072.60009765625	1327.5
2071.699951171875	1327.0
2071.199951171875	1312.3000030517578
2067.800048828125	1316.8000030517578
2060.89990234375	1284.3000030517578
2029.0	1250.1000061035156
2014.800048828125	804.5
-32768.0	-32768.0
-32768.0	-32768.0
-32768.0	-32768.0
-32768.0	-32768.0
2141.5	983.2999877929688
2071.5	1288.1000061035156
2054.699951171875	1310.0
2057.699951171875	1306.1000061035156
2067.60009765625	1320.0
2065.800048828125	1315.400001525879
2057.199951171875	1307.8999938964844
2061.10009765625	1311.6000061035156
2063.89990234375	1321.400001525879
2066.0	1325.3000030517578
2064.0	1333.3000030517578
2060.5	1326.0
2060.89990234375	1320.5
2061.60009765625	1320.400001525879
2056.39990234375	1316.900001525879
2062.300048828125	1323.5
2062.699951171875	1317.099998474121
2060.699951171875	1323.099998474121
2063.199951171875	1335.3000030517578
2073.0	1338.599998474121
2164.699951171875	1376.7000007629397
2149.0	1382.400001525879
2147.699951171875	1380.099998474121
2149.39990234375	1380.2999992370603
2153.89990234375	1386.599998474121
2153.10009765625	1386.599998474121
2152.39990234375	1389.0
2149.39990234375	1385.400001525879
2153.60009765625	1383.7999992370603
2153.800048828125	1378.7000007629397
2153.0	1377.2999992370603
2156.89990234375	1385.400001525879
2157.5	1387.400001525879
2147.89990234375	1369.400001525879
2117.5	1319.1999969482422
-32768.0	-32768.0
-32768.0	-32768.0
-32768.0	-32768.0
-32768.0	-32768.0
-32768.0	-32768.0
-32768.0	-32768.0
2516.800048828125	1124.7999877929688
2148.10009765625	1314.0
2127.199951171875	1332.400001525879
2122.199951171875	1323.1999969482422
2122.5	1334.5
2123.300048828125	1334.900001525879
2128.60009765625	1329.1999969482422
2128.300048828125	1334.900001525879
2116.60009765625	1322.3000030517578
2123.39990234375	1335.099998474121
2129.0	1335.400001525879
2124.699951171875	1342.900001525879
2071.0	1304.6000061035156
2074.0	1309.8000030517578
2082.60009765625	1310.1000061035156
2081.89990234375	1302.1999969482422
2079.39990234375	1306.1000061035156
2079.5	1305.1000061035156
2083.5	1308.8000030517578
2083.699951171875	1300.1999969482422
2081.5	1302.1999969482422
2081.5	1312.1999969482422
2086.0	1302.3999938964844
2083.39990234375	1309.0
2088.199951171875	1310.8000030517578
2089.39990234375	1310.6999969482422
2089.39990234375	1304.6999969482422
2091.60009765625	1309.3999938964844
2091.60009765625	1309.6999969482422
2091.5	1305.6000061035156
2092.60009765625	1314.099998474121
2123.699951171875	1315.099998474121
2136.10009765625	1326.5
2128.800048828125	1325.3000030517578
2130.800048828125	1329.099998474121
2139.0	1320.900001525879
2137.199951171875	1323.6999969482422
2129.60009765625	1323.099998474121
2130.699951171875	1315.3000030517578
2133.800048828125	1323.1999969482422
2140.10009765625	1332.1999969482422
2138.199951171875	1325.3000030517578
2136.10009765625	1332.1999969482422
2140.800048828125	1326.6999969482422
2137.199951171875	1326.0
2137.39990234375	1323.6999969482422
2136.199951171875	1325.0
2138.699951171875	1325.1999969482422
2136.300048828125	1321.900001525879
2136.800048828125	1325.8000030517578
2137.60009765625	1327.599998474121
2137.300048828125	1325.599998474121
2140.89990234375	1324.5
2139.89990234375	1325.0
2134.699951171875	1325.0
2138.10009765625	1326.099998474121
2139.300048828125	1327.3000030517578
2142.89990234375	1329.6999969482422
2144.89990234375	1330.900001525879
2140.300048828125	1326.599998474121
2101.800048828125	1327.900001525879
2111.10009765625	1330.5
2112.60009765625	1328.099998474121
2111.800048828125	1320.8000030517578
2112.5	1322.599998474121
2117.699951171875	1318.5
2118.5	1322.5
2118.800048828125	1319.6999969482422
2117.300048828125	1317.099998474121
2117.0	1314.1999969482422
2118.699951171875	1316.8000030517578
2117.39990234375	1317.3000030517578
2112.800048828125	1313.3000030517578
2111.0	1312.599998474121
2113.60009765625	1311.3999938964844
2121.5	1324.599998474121
2118.10009765625	1320.1999969482422
2119.10009765625	1319.6999969482422
2115.10009765625	1302.8999938964844
2115.0	1301.0
2114.39990234375	1305.5
2119.199951171875	1310.8000030517578
2115.300048828125	1299.6000061035156
2116.10009765625	1292.6000061035156
2112.699951171875	1299.6999969482422
2112.800048828125	1297.1999969482422
2109.5	1292.5
2178.199951171875	1349.8000030517578
2173.199951171875	1363.3000030517578
2171.800048828125	1356.1999969482422
2174.300048828125	1352.6999969482422
2173.5	1354.099998474121
2173.300048828125	1361.8000030517578
2172.5	1363.099998474121
2171.199951171875	1362.099998474121
2176.199951171875	1362.900001525879
2174.60009765625	1352.3000030517578
2169.699951171875	1352.599998474121
2172.89990234375	1349.900001525879
2174.89990234375	1355.099998474121
2174.699951171875	1355.6999969482422
2175.0	1352.400001525879
2174.60009765625	1356.3000030517578
2177.10009765625	1349.8000030517578
2172.89990234375	1351.1999969482422
2168.699951171875	1339.3000030517578
2168.5	1346.1999969482422
2170.5	1346.6999969482422
2171.0	1343.599998474121
2170.10009765625	1344.900001525879
2177.5	1347.400001525879
2178.89990234375	1349.599998474121
2178.300048828125	1350.1999969482422
2175.0	1350.900001525879
2179.10009765625	1357.5
2179.0	1357.099998474121
2110.10009765625	1280.8999938964844
2127.5	1281.3000030517578
2127.60009765625	1277.6000061035156
2125.5	1287.8000030517578
2128.800048828125	1294.0
2132.699951171875	1301.1999969482422
2133.800048828125	1296.1000061035156
2131.699951171875	1287.3999938964844
2134.10009765625	1291.0
2133.0	1287.6000061035156
2132.10009765625	1289.3999938964844
2131.300048828125	1289.8999938964844
2129.800048828125	1293.5
2130.39990234375	1297.3000030517578
2126.800048828125	1296.1999969482422
2126.60009765625	1297.6000061035156
2128.89990234375	1294.8999938964844
2129.0	1294.0
2144.699951171875	1341.3000030517578
2141.60009765625	1338.5
2140.39990234375	1340.1999969482422
2142.0	1337.1999969482422
2146.5	1340.3000030517578
2145.39990234375	1336.599998474121
2143.5	1334.8000030517578
2146.39990234375	1333.5
2146.89990234375	1336.099998474121
2146.0	1334.5
2144.10009765625	1339.0
2143.89990234375	1335.6999969482422
2143.699951171875	1336.099998474121
2146.10009765625	1333.400001525879
2146.10009765625	1333.0
2147.0	1332.8000030517578
2143.89990234375	1333.8000030517578
2140.199951171875	1339.599998474121
2140.60009765625	1332.599998474121
2147.39990234375	1337.099998474121
2146.199951171875	1336.400001525879
2146.89990234375	1336.3000030517578
2147.10009765625	1335.099998474121
2159.300048828125	1364.5
2157.199951171875	1351.900001525879
2157.800048828125	1360.0
2157.5	1355.3000030517578
2153.10009765625	1355.099998474121
2156.5	1352.900001525879
2155.800048828125	1358.1999969482422
2157.39990234375	1358.1999969482422
2155.60009765625	1362.8000030517578
2156.89990234375	1358.900001525879
2155.39990234375	1351.3000030517578
2157.300048828125	1350.5
2159.10009765625	1347.099998474121
2159.199951171875	1352.8000030517578
2161.199951171875	1354.0
2161.199951171875	1354.5
2158.699951171875	1351.0
2158.0	1353.599998474121
2153.699951171875	1348.1999969482422
2159.699951171875	1350.1999969482422
2154.89990234375	1344.599998474121
2153.5	1350.099998474121
2160.5	1345.8000030517578
2155.39990234375	1341.400001525879
2160.60009765625	1348.1999969482422
2155.39990234375	1344.400001525879
2162.10009765625	1343.6999969482422
2153.89990234375	1346.900001525879
2158.699951171875	1338.6999969482422
2160.89990234375	1349.1999969482422
2156.5	1348.900001525879
2165.300048828125	1349.0
2154.699951171875	1342.8000030517578
2164.699951171875	1342.900001525879
2157.0	1346.3000030517578
2162.60009765625	1341.900001525879
2160.800048828125	1337.400001525879
2160.800048828125	1337.5
2162.5	1338.099998474121
2166.199951171875	1339.3000030517578
2163.39990234375	1340.599998474121
2164.10009765625	1352.1999969482422
2168.800048828125	1343.6999969482422
2165.0	1336.099998474121
2164.89990234375	1337.900001525879
2163.800048828125	1338.1999969482422
2164.89990234375	1336.5
2168.199951171875	1338.400001525879
2168.89990234375	1343.400001525879
2161.0	1334.400001525879
2160.300048828125	1331.599998474121
2164.800048828125	1345.1999969482422
2158.300048828125	1336.3000030517578
2159.699951171875	1347.400001525879
2156.0	1334.3000030517578
2157.199951171875	1339.3000030517578
2154.699951171875	1337.0
2151.5	1339.400001525879
2153.60009765625	1344.6999969482422
2151.800048828125	1339.900001525879
2152.60009765625	1348.900001525879
2153.89990234375	1352.0
2154.699951171875	1347.6999969482422
2150.60009765625	1344.400001525879
2148.5	1338.3000030517578
2147.10009765625	1336.1999969482422
2145.199951171875	1329.3000030517578
2145.199951171875	1335.599998474121
2143.300048828125	1333.400001525879
2164.699951171875	1319.5
2156.300048828125	1326.400001525879
2150.89990234375	1317.099998474121
2149.10009765625	1319.099998474121
2155.10009765625	1325.1999969482422
2149.199951171875	1328.3000030517578
2150.199951171875	1327.099998474121
2153.10009765625	1322.400001525879
2153.39990234375	1317.3000030517578
2153.300048828125	1316.400001525879
2152.89990234375	1317.5
2154.199951171875	1312.900001525879
2152.300048828125	1314.3000030517578
2155.300048828125	1314.400001525879
2148.10009765625	1310.3999938964844
2148.199951171875	1310.3000030517578
2153.60009765625	1307.8999938964844
2152.39990234375	1313.400001525879
2148.699951171875	1307.3000030517578
2151.10009765625	1311.8999938964844
2152.10009765625	1310.6999969482422
